ride_id,rideable_type,started_at,ended_at,start_station_name,start_station_id,end_station_name,end_station_id,start_lat,start_lng,end_lat,end_lng,member_casual
C88217D5C42993C6,classic_bike,2026-04-06 18:55:38.804,2026-04-06 19:04:03.989,E 88 St & Park Ave,7293.10,E 106 St & 1 Ave,7456.03,40.781410700190015,-73.95595908164978,40.7892529,-73.93956237,member
44E5BC08D0125145,classic_bike,2026-04-09 01:48:51.203,2026-04-09 01:58:40.980,Broadway & W 61 St,7014.12,West End Ave & W 60 St,7059.08,40.77003010255044,-73.9819684624672,40.77237,-73.99005,member
D4EA18EA685E8D59,electric_bike,2026-04-04 03:21:33.088,2026-04-04 03:33:35.930,Delancey St & Eldridge St,5414.07,Lexington Ave & E 24 St,6089.07,40.719383,-73.991479,40.74025878,-73.98409214,member
5BA741D2CAC6AD6A,electric_bike,2026-04-11 11:58:36.715,2026-04-11 14:07:16.782,Cherry St,5181.04,E 13 St & 2 Ave,5820.08,40.71219906,-73.97948148,40.73153937464073,-73.9853024482727,member
0804FB9898A542A3,classic_bike,2026-04-07 09:37:46.372,2026-04-07 09:45:39.175,Delancey St & Eldridge St,5414.07,E 13 St & 2 Ave,5820.08,40.719383,-73.991479,40.73153937464073,-73.9853024482727,casual
1404CC0ED0D2B57F,electric_bike,2026-04-07 17:54:54.567,2026-04-07 18:02:07.318,Broadway & W 41 St,6560.01,Lexington Ave & E 24 St,6089.07,40.75513557,-73.98658032,40.74025878,-73.98409214,casual
E5AB3E70E5AEA6DA,electric_bike,2026-04-02 21:07:48.195,2026-04-02 21:59:18.128,Broadway & W 41 St,6560.01,Central Park S & Grand Army Plaza,6839.15,40.75513557,-73.98658032,40.764555,-73.973473,casual
98FAAC58CABBDEAA,classic_bike,2026-04-03 12:08:23.616,2026-04-03 12:52:28.624,E 88 St & Park Ave,7293.10,Central Park S & Grand Army Plaza,6839.15,40.781410700190015,-73.95595908164978,40.764555,-73.973473,casual
9171091E60BBA8C0,classic_bike,2026-04-03 12:07:32.922,2026-04-03 12:52:00.614,E 88 St & Park Ave,7293.10,Central Park S & Grand Army Plaza,6839.15,40.781410700190015,-73.95595908164978,40.764555,-73.973473,casual
B45DC0B5F054FC8A,electric_bike,2026-04-03 16:18:22.101,2026-04-03 16:27:06.138,Broadway & W 41 St,6560.01,West End Ave & W 60 St,7059.08,40.75513557,-73.98658032,40.77237,-73.99005,casual
ECAB90A413A7C0B3,electric_bike,2026-04-07 12:14:19.884,2026-04-07 12:32:36.604,Clermont Ave & Lafayette Ave,4461.01,Willoughby Ave & Myrtle Ave,4759.02,40.68764484,-73.96968902,40.69757,-73.93098,casual
8911AC945F73C256,electric_bike,2026-04-04 12:56:12.139,2026-04-04 13:22:23.944,E 88 St & Park Ave,7293.10,Central Park S & Grand Army Plaza,6839.15,40.781410700190015,-73.95595908164978,40.764555,-73.973473,casual
7F0E7EA16735F8D5,classic_bike,2026-04-06 07:58:01.528,2026-04-06 08:02:06.525,E 106 St & 1 Ave,7456.03,2 Ave & E 96 St,7338.02,40.7892529,-73.93956237,40.7839636,-73.9471673,member
A0ECF7540B8587C4,electric_bike,2026-04-09 09:45:44.341,2026-04-09 09:51:48.643,Central Park S & Grand Army Plaza,6839.15,West End Ave & W 60 St,7059.08,40.764555,-73.973473,40.77237,-73.99005,member
FD90CFA6F6DB307D,electric_bike,2026-04-12 20:59:48.694,2026-04-12 21:04:58.691,29 St & 5 Ave,3523.06,29 St & 5 Ave,3523.06,40.656986,-73.998194,40.656986,-73.998194,member
5537E36510E35F51,electric_bike,2026-04-03 09:29:14.853,2026-04-03 09:30:16.583,E 13 St & 2 Ave,5820.08,E 13 St & 2 Ave,5820.08,40.73153937464073,-73.9853024482727,40.73153937464073,-73.9853024482727,member
1B6E89E19A79F7CB,electric_bike,2026-04-13 12:16:18.701,2026-04-13 13:06:59.291,Central Park S & Grand Army Plaza,6839.15,Central Park S & Grand Army Plaza,6839.15,40.764555,-73.973473,40.764555,-73.973473,casual
DC64FA26CD2C1DFA,electric_bike,2026-04-13 12:15:27.621,2026-04-13 13:08:05.619,Central Park S & Grand Army Plaza,6839.15,Central Park S & Grand Army Plaza,6839.15,40.764555,-73.973473,40.764555,-73.973473,casual
08F712F8D5719C8E,classic_bike,2026-04-04 15:51:20.465,2026-04-04 15:55:39.939,Melrose Ave & E 150 St,7879.01,Bergen Ave & E 152 St,7858.02,40.816827,-73.917338,40.817166,-73.914737,member
BE0754D30BCC634D,electric_bike,2026-04-15 16:33:53.177,2026-04-15 16:35:31.618,Melrose Ave & E 150 St,7879.01,Bergen Ave & E 152 St,7858.02,40.816827,-73.917338,40.817166,-73.914737,member
9FEC64CE7D3C15BF,electric_bike,2026-04-12 19:02:34.601,2026-04-12 19:04:36.795,E 13 St & 2 Ave,5820.08,E 13 St & 2 Ave,5820.08,40.73153937464073,-73.9853024482727,40.73153937464073,-73.9853024482727,member
AC81067BF1698977,electric_bike,2026-04-01 09:59:27.855,2026-04-01 10:00:34.127,Sedgwick Ave & W 195 St,8692.04,Sedgwick Ave & W 195 St,8692.04,40.87049,-73.90287,40.87049,-73.90287,member
77A42037D4565FD1,electric_bike,2026-04-03 11:58:02.217,2026-04-03 12:02:20.317,Central Park S & Grand Army Plaza,6839.15,Central Park S & Grand Army Plaza,6839.15,40.764555,-73.973473,40.764555,-73.973473,casual
B0268FCE309AD965,classic_bike,2026-04-11 04:48:51.022,2026-04-11 05:27:56.045,Lexington Ave & Patchen Ave,4534.06,Roosevelt Ave & 104 St,6414.07,40.6904,-73.9277,40.74984,-73.86156,member
68DFFC9D3A4117D7,electric_bike,2026-04-12 16:36:43.478,2026-04-12 16:49:05.094,West End Ave & W 60 St,7059.08,West End Ave & W 60 St,7059.08,40.77237,-73.99005,40.77237,-73.99005,member
53829B04DEA7A5C2,electric_bike,2026-04-10 15:36:59.084,2026-04-10 15:41:33.644,Lexington Ave & E 24 St,6089.07,E 13 St & 2 Ave,5820.08,40.74025878,-73.98409214,40.73153937464073,-73.9853024482727,member
178728F8A2A6FC69,electric_bike,2026-04-04 14:04:16.626,2026-04-04 14:05:41.556,W 54 St & 9 Ave,6920.05,W 54 St & 9 Ave,6920.05,40.76604,-73.98737,40.76604,-73.98737,member
500C50DD701B8D5B,classic_bike,2026-04-03 19:19:18.315,2026-04-03 19:43:52.513,Vernon Blvd & 31 Ave,7003.06,Vernon Blvd & 31 Ave,7003.06,40.7692475,-73.9354504,40.7692475,-73.9354504,member
734BC98DF0F5E11F,electric_bike,2026-04-12 12:53:26.914,2026-04-12 12:56:38.750,Central Park S & Grand Army Plaza,6839.15,Central Park S & Grand Army Plaza,6839.15,40.764555,-73.973473,40.764555,-73.973473,member
50854BE7BE8FC14C,electric_bike,2026-04-14 06:58:24.585,2026-04-14 07:11:22.732,Central Park S & Grand Army Plaza,6839.15,Central Park S & Grand Army Plaza,6839.15,40.764555,-73.973473,40.764555,-73.973473,member
92C391691CF43D56,electric_bike,2026-04-14 06:48:10.548,2026-04-14 06:58:00.700,Central Park S & Grand Army Plaza,6839.15,Central Park S & Grand Army Plaza,6839.15,40.764555,-73.973473,40.764555,-73.973473,member
2795040B3F672183,electric_bike,2026-04-12 10:55:34.255,2026-04-12 11:04:35.827,Knickerbocker Ave & Halsey St,4623.02,Waterbury St & Stagg St,5099.02,40.693,-73.90824,40.71019,-73.93734,member
9B52C9842BE3BF74,electric_bike,2026-04-07 08:02:16.248,2026-04-07 08:06:12.013,West End Ave & W 60 St,7059.08,W 54 St & 9 Ave,6920.05,40.77237,-73.99005,40.76604,-73.98737,member
450B18B6AE7C4998,classic_bike,2026-04-07 16:14:19.244,2026-04-07 16:40:38.616,West End Ave & W 60 St,7059.08,West End Ave & W 60 St,7059.08,40.77237,-73.99005,40.77237,-73.99005,member
63342295C3E54A97,classic_bike,2026-04-15 09:39:51.288,2026-04-15 10:11:32.949,Seneca Ave & Irvine St,7883.09,Seneca Ave & Irvine St,7883.09,40.81872569990116,-73.88862490653992,40.81872569990116,-73.88862490653992,member
8FF2918EDBC6E648,electric_bike,2026-04-12 12:50:09.804,2026-04-12 13:22:05.522,Central Park S & Grand Army Plaza,6839.15,Central Park S & Grand Army Plaza,6839.15,40.764555,-73.973473,40.764555,-73.973473,member
ECDF7F5BF2CE9FEB,classic_bike,2026-04-11 18:48:21.877,2026-04-11 18:49:26.469,E 13 St & 2 Ave,5820.08,E 13 St & 2 Ave,5820.08,40.73153937464073,-73.9853024482727,40.73153937464073,-73.9853024482727,member
61DD6FC9AC523BCF,classic_bike,2026-04-03 15:30:20.209,2026-04-03 16:08:35.084,West End Ave & W 60 St,7059.08,West End Ave & W 60 St,7059.08,40.77237,-73.99005,40.77237,-73.99005,member
F24512442854CECD,electric_bike,2026-04-10 19:08:58.698,2026-04-10 19:17:49.902,49 Ave & 21 St,6128.04,49 Ave & 21 St,6128.04,40.74252,-73.948852,40.74252,-73.948852,member
BC7790A5325ADEE8,electric_bike,2026-04-08 11:51:58.891,2026-04-08 11:56:10.739,West End Ave & W 60 St,7059.08,W 54 St & 9 Ave,6920.05,40.77237,-73.99005,40.76604,-73.98737,member
0F7DD14CCC6C8A33,electric_bike,2026-04-06 15:15:15.386,2026-04-06 15:30:20.191,West End Ave & W 60 St,7059.08,Lexington Ave & E 24 St,6089.07,40.77237,-73.99005,40.74025878,-73.98409214,member
34F1C779B8D02EC3,classic_bike,2026-04-04 12:48:06.130,2026-04-04 12:58:08.939,West End Ave & W 60 St,7059.08,West End Ave & W 60 St,7059.08,40.77237,-73.99005,40.77237,-73.99005,member
63B83FC6774D57B2,electric_bike,2026-04-09 14:06:14.320,2026-04-09 14:17:07.225,Knickerbocker Ave & Halsey St,4623.02,Waterbury St & Stagg St,5099.02,40.693,-73.90824,40.71019,-73.93734,member
9820B38267E70AC1,classic_bike,2026-04-14 18:28:01.561,2026-04-14 19:08:01.399,Fulton Ave & E 172 St,8186.01,Fulton Ave & E 172 St,8186.01,40.839229,-73.899047,40.839229,-73.899047,member
25DB90244473EA77,electric_bike,2026-04-10 23:06:45.387,2026-04-10 23:27:28.016,Willoughby Ave & Myrtle Ave,4759.02,Willoughby Ave & Myrtle Ave,4759.02,40.69757,-73.93098,40.69757,-73.93098,member
E0B8A883F66551C2,electric_bike,2026-04-10 23:13:35.063,2026-04-10 23:17:59.620,W 54 St & 9 Ave,6920.05,West End Ave & W 60 St,7059.08,40.76604,-73.98737,40.77237,-73.99005,member
D015ED67CED08ADB,electric_bike,2026-04-11 03:35:38.633,2026-04-11 04:02:03.856,W 54 St & 9 Ave,6920.05,Central Park S & Grand Army Plaza,6839.15,40.76604,-73.98737,40.764555,-73.973473,member
5D1D03C95F87B5E5,classic_bike,2026-04-03 23:11:13.099,2026-04-03 23:22:18.300,Willoughby Ave & Myrtle Ave,4759.02,Knickerbocker Ave & Halsey St,4623.02,40.69757,-73.93098,40.693,-73.90824,casual
E435376CDF5C40C2,electric_bike,2026-04-04 14:38:13.321,2026-04-04 14:46:18.960,Ditmars Blvd & 73 St,6964.05,31 St & Ditmars Blvd,7144.02,40.76817,-73.896293,40.776168,-73.910485,casual
3058DFAC7F8563ED,electric_bike,2026-04-04 16:29:01.185,2026-04-04 16:33:20.740,Central Park S & Grand Army Plaza,6839.15,Central Park S & Grand Army Plaza,6839.15,40.764555,-73.973473,40.764555,-73.973473,casual
352CE7D5493A1581,electric_bike,2026-04-04 14:13:04.402,2026-04-04 14:15:32.148,Willoughby Ave & Myrtle Ave,4759.02,Willoughby Ave & Myrtle Ave,4759.02,40.69757,-73.93098,40.69757,-73.93098,casual
E47E8BED2B89A74E,electric_bike,2026-04-08 15:29:10.627,2026-04-08 15:45:46.343,Central Park S & Grand Army Plaza,6839.15,E 13 St & 2 Ave,5820.08,40.764555,-73.973473,40.73153937464073,-73.9853024482727,casual
F88BBF8A29F6D53C,electric_bike,2026-04-01 07:17:30.507,2026-04-01 07:48:40.685,Central Park S & Grand Army Plaza,6839.15,Central Park S & Grand Army Plaza,6839.15,40.764555,-73.973473,40.764555,-73.973473,casual
D4F697080F413F4A,electric_bike,2026-04-01 14:03:59.696,2026-04-01 15:24:04.820,Central Park S & Grand Army Plaza,6839.15,Central Park S & Grand Army Plaza,6839.15,40.764555,-73.973473,40.764555,-73.973473,casual
215D006BD6B6D6DF,electric_bike,2026-04-06 13:35:14.443,2026-04-06 14:20:56.840,Central Park S & Grand Army Plaza,6839.15,Central Park S & Grand Army Plaza,6839.15,40.764555,-73.973473,40.764555,-73.973473,casual
E5A3B1633CF823EF,electric_bike,2026-04-06 13:34:38.359,2026-04-06 14:21:04.035,Central Park S & Grand Army Plaza,6839.15,Central Park S & Grand Army Plaza,6839.15,40.764555,-73.973473,40.764555,-73.973473,casual
CABCFC7C78C98B80,electric_bike,2026-04-06 13:31:25.471,2026-04-06 13:32:55.454,Central Park S & Grand Army Plaza,6839.15,Central Park S & Grand Army Plaza,6839.15,40.764555,-73.973473,40.764555,-73.973473,casual
5433CB2BA5AA9E9D,classic_bike,2026-04-14 18:29:10.446,2026-04-14 19:00:19.634,Lexington Ave & E 24 St,6089.07,E 106 St & 1 Ave,7456.03,40.74025878,-73.98409214,40.7892529,-73.93956237,member
E3C944DB996EC00A,electric_bike,2026-04-13 21:36:34.781,2026-04-13 21:43:28.851,E 91 St & Park Ave,7344.05,E 106 St & 1 Ave,7456.03,40.7835016,-73.955327,40.7892529,-73.93956237,member
0139865D6D3D71A8,electric_bike,2026-04-09 17:52:34.565,2026-04-09 18:07:34.677,W 56 St & 8 Ave,6884.03,E 13 St & 2 Ave,5820.08,40.765959181657976,-73.98313522338867,40.73153937464073,-73.9853024482727,member
5D2FB20083A77D89,electric_bike,2026-04-06 17:45:30.241,2026-04-06 18:02:34.842,E 50 St & Park Ave,6659.10,West End Ave & W 60 St,7059.08,40.757334,-73.974235,40.77237,-73.99005,member
BFA1C86F6909647F,electric_bike,2026-04-13 12:02:01.208,2026-04-13 12:09:12.082,Jay St & York St,4895.09,Nassau St & Navy St,4812.02,40.70140317257725,-73.98672670125961,40.69839895,-73.98068914,member
948A861D7C51DC3C,electric_bike,2026-04-03 16:49:09.303,2026-04-03 16:50:50.628,36 St & Ditmars Blvd,7111.10,31 St & Ditmars Blvd,7144.02,40.774306,-73.908335,40.776168,-73.910485,member
55C7B4494E254A46,electric_bike,2026-04-15 14:52:28.409,2026-04-15 15:16:18.407,E 91 St & Park Ave,7344.05,Central Park S & Grand Army Plaza,6839.15,40.7835016,-73.955327,40.764555,-73.973473,member
2C3E741DA15DC0E7,classic_bike,2026-04-01 20:45:07.675,2026-04-01 20:53:22.106,30 Ave & 41 St,6812.06,31 St & Northern Blvd,6495.17,40.763422,-73.914142,40.75186951421875,-73.93349289894103,member
D986E128CD4F57FD,electric_bike,2026-04-01 08:53:35.195,2026-04-01 09:01:10.741,30 Ave & 41 St,6812.06,31 St & Northern Blvd,6495.17,40.763422,-73.914142,40.75186951421875,-73.93349289894103,member
4ACE690BC424F373,electric_bike,2026-04-03 18:14:36.234,2026-04-03 18:22:30.283,1 Ave & E 42 St,6303.02,Lexington Ave & E 24 St,6089.07,40.7487575,-73.970127,40.74025878,-73.98409214,member
CEF30D37E4FCD6FB,electric_bike,2026-04-01 09:41:54.815,2026-04-01 09:57:59.517,W 20 St & 11 Ave,6306.07,Central Park S & Grand Army Plaza,6839.15,40.746745,-74.007756,40.764555,-73.973473,member
FFDCD8A293F5231F,electric_bike,2026-04-04 16:36:51.199,2026-04-04 16:38:38.239,E 103 St & 2 Ave,7436.16,2 Ave & E 96 St,7338.02,40.78864,-73.9436,40.7839636,-73.9471673,member
22D3500055784695,classic_bike,2026-04-01 11:33:49.821,2026-04-01 11:37:38.536,Ditmars Blvd & 19 St,7291.06,31 St & Ditmars Blvd,7144.02,40.78145,-73.9183302,40.776168,-73.910485,member
019314D87194C074,electric_bike,2026-04-06 18:19:48.053,2026-04-06 18:27:17.436,E 50 St & Park Ave,6659.10,W 54 St & 9 Ave,6920.05,40.757334,-73.974235,40.76604,-73.98737,member
189C06F78162B024,electric_bike,2026-04-04 12:22:28.185,2026-04-04 13:47:22.910,W 20 St & 11 Ave,6306.07,Lexington Ave & E 24 St,6089.07,40.746745,-74.007756,40.74025878,-73.98409214,member
2B178AC86F204EF7,electric_bike,2026-04-09 21:44:57.135,2026-04-09 21:47:21.123,E 103 St & 2 Ave,7436.16,2 Ave & E 96 St,7338.02,40.78864,-73.9436,40.7839636,-73.9471673,member
6C80577281E4C8F6,classic_bike,2026-04-15 12:38:03.463,2026-04-15 13:02:20.736,Frederick Douglass Blvd & W 139 St,7876.07,2 Ave & E 96 St,7338.02,40.81900581806558,-73.94476890563965,40.7839636,-73.9471673,member
ED17A8D2E6179155,electric_bike,2026-04-09 10:37:19.012,2026-04-09 10:40:54.304,E 103 St & 2 Ave,7436.16,2 Ave & E 96 St,7338.02,40.78864,-73.9436,40.7839636,-73.9471673,member
6DF084A2F02DFCED,classic_bike,2026-04-13 19:35:35.656,2026-04-13 19:38:24.773,E 103 St & 2 Ave,7436.16,2 Ave & E 96 St,7338.02,40.78864,-73.9436,40.7839636,-73.9471673,member
8D04A8100166B5B6,electric_bike,2026-04-15 16:31:59.613,2026-04-15 16:45:25.136,E 91 St & Park Ave,7344.05,W 54 St & 9 Ave,6920.05,40.7835016,-73.955327,40.76604,-73.98737,member
73BA7231B9ADFCBA,electric_bike,2026-04-07 14:15:54.685,2026-04-07 14:32:01.174,E 91 St & Park Ave,7344.05,W 54 St & 9 Ave,6920.05,40.7835016,-73.955327,40.76604,-73.98737,member
40E5484CCF5BC083,electric_bike,2026-04-06 09:34:26.073,2026-04-06 09:36:35.147,E 103 St & 2 Ave,7436.16,2 Ave & E 96 St,7338.02,40.78864,-73.9436,40.7839636,-73.9471673,member
B00583705E3A3663,classic_bike,2026-04-01 12:40:09.389,2026-04-01 12:44:23.494,E 103 St & 2 Ave,7436.16,2 Ave & E 96 St,7338.02,40.78864,-73.9436,40.7839636,-73.9471673,casual
FEA0CB0C5BE7A7BC,electric_bike,2026-04-06 12:34:34.629,2026-04-06 12:40:14.784,W 56 St & 8 Ave,6884.03,West End Ave & W 60 St,7059.08,40.765959181657976,-73.98313522338867,40.77237,-73.99005,casual
8EDC172DFAC08793,electric_bike,2026-04-03 21:55:44.416,2026-04-03 22:06:59.432,W 20 St & 11 Ave,6306.07,West End Ave & W 60 St,7059.08,40.746745,-74.007756,40.77237,-73.99005,casual
515A576D40F923B0,electric_bike,2026-04-11 15:45:40.747,2026-04-11 15:57:46.685,Warren St & Smith St,4371.01,Washington Park,4546.05,40.68542400997018,-73.99127773940563,40.6917823,-73.9737299,casual
EDBF050E2867EA1B,electric_bike,2026-04-05 17:10:42.159,2026-04-05 17:13:08.709,E 103 St & 2 Ave,7436.16,2 Ave & E 96 St,7338.02,40.78864,-73.9436,40.7839636,-73.9471673,casual
6F9AF923FAFA2A41,electric_bike,2026-04-15 12:01:00.274,2026-04-15 12:17:16.209,E 10 St & 5 Ave,5872.08,West End Ave & W 60 St,7059.08,40.73331967,-73.99510132,40.77237,-73.99005,casual
9F8748343ACC90D5,electric_bike,2026-04-04 14:24:56.345,2026-04-04 14:33:47.023,Monroe St & Patchen Ave,4491.09,Waterbury St & Stagg St,5099.02,40.68814,-73.92693,40.71019,-73.93734,casual
BA352D8CBB525BFE,classic_bike,2026-04-04 17:29:39.972,2026-04-04 18:40:32.511,E 50 St & Park Ave,6659.10,Central Park S & Grand Army Plaza,6839.15,40.757334,-73.974235,40.764555,-73.973473,casual
75453F2A973049CF,electric_bike,2026-04-14 22:23:01.745,2026-04-14 22:26:15.378,W 56 St & 8 Ave,6884.03,W 54 St & 9 Ave,6920.05,40.765959181657976,-73.98313522338867,40.76604,-73.98737,member
EDD5D4F4DC04BE63,electric_bike,2026-04-13 05:58:08.466,2026-04-13 06:09:41.469,E 10 St & 5 Ave,5872.08,Central Park S & Grand Army Plaza,6839.15,40.73331967,-73.99510132,40.764555,-73.973473,member
3FBDED0669C2D929,classic_bike,2026-04-06 07:52:45.510,2026-04-06 07:56:51.123,W 56 St & 8 Ave,6884.03,Central Park S & Grand Army Plaza,6839.15,40.765959181657976,-73.98313522338867,40.764555,-73.973473,member
55E0C03CF5B66895,electric_bike,2026-04-13 19:50:38.795,2026-04-13 20:00:26.318,Leonard St & Maujer St,5148.03,Willoughby Ave & Myrtle Ave,4759.02,40.7103685423523,-73.94705951213837,40.69757,-73.93098,member
9C81448474D928CF,electric_bike,2026-04-08 17:21:06.248,2026-04-08 17:29:35.198,W 37 St & 5 Ave,6398.06,E 13 St & 2 Ave,5820.08,40.75038009,-73.98338988,40.73153937464073,-73.9853024482727,member
288A0D0A8D8B8FFE,electric_bike,2026-04-15 16:21:35.732,2026-04-15 16:44:58.134,W 37 St & 5 Ave,6398.06,46 St & 28 Ave,6842.02,40.75038009,-73.98338988,40.763328,-73.908782,member
521CF7F92936DB3A,electric_bike,2026-04-11 22:46:54.550,2026-04-11 22:50:11.075,Fairview Ave & Linden St,5066.03,Grove St & Fresh Pond Rd,5168.04,40.70694,-73.90632,40.71032,-73.89955,member
670AAC657EA13385,electric_bike,2026-04-03 19:54:08.347,2026-04-03 20:11:46.696,E 13 St & 2 Ave,5820.08,W 54 St & 9 Ave,6920.05,40.73153937464073,-73.9853024482727,40.76604,-73.98737,member
9306E60EC6E828BA,electric_bike,2026-04-06 18:52:26.895,2026-04-06 19:20:35.323,Washington Park,4546.05,Washington Park,4546.05,40.6917823,-73.9737299,40.6917823,-73.9737299,casual
2FB5ACEA14206402,electric_bike,2026-04-11 21:05:10.121,2026-04-11 21:07:00.733,E Mosholu Pkwy & E 204 St,8748.02,E Mosholu Pkwy & E 204 St,8748.02,40.8740704,-73.8833650931,40.8740704,-73.8833650931,member
934CF88C60BB283F,classic_bike,2026-04-01 16:32:24.678,2026-04-01 17:02:26.298,2 Ave & E 96 St,7338.02,E 13 St & 2 Ave,5820.08,40.7839636,-73.9471673,40.73153937464073,-73.9853024482727,member
98A74364B3FF976C,electric_bike,2026-04-03 07:15:25.571,2026-04-03 07:19:37.486,2 Ave & E 96 St,7338.02,E 106 St & 1 Ave,7456.03,40.7839636,-73.9471673,40.7892529,-73.93956237,member
8DC15CCB8D736B03,electric_bike,2026-04-11 01:10:17.513,2026-04-11 01:21:06.955,Knickerbocker Ave & Halsey St,4623.02,Waterbury St & Stagg St,5099.02,40.693,-73.90824,40.71019,-73.93734,member
C6E9E6DF6F760B8E,classic_bike,2026-04-04 16:48:19.248,2026-04-04 17:00:08.780,Washington Park,4546.05,Washington Park,4546.05,40.6917823,-73.9737299,40.6917823,-73.9737299,member
F97D430B10DF35D2,electric_bike,2026-04-12 01:38:16.861,2026-04-12 01:42:25.961,E 13 St & 2 Ave,5820.08,Lexington Ave & E 24 St,6089.07,40.73153937464073,-73.9853024482727,40.74025878,-73.98409214,member
41EF512053F137B8,classic_bike,2026-04-10 18:52:11.593,2026-04-10 19:17:37.868,Washington Park,4546.05,Washington Park,4546.05,40.6917823,-73.9737299,40.6917823,-73.9737299,member
6275D9DCB55766FD,classic_bike,2026-04-01 18:29:29.345,2026-04-01 18:31:20.010,Melrose Ave & E 150 St,7879.01,Melrose Ave & E 150 St,7879.01,40.816827,-73.917338,40.816827,-73.917338,member
3BC1355A65775D6C,electric_bike,2026-04-06 15:49:29.725,2026-04-06 16:50:11.128,E 106 St & 1 Ave,7456.03,E 106 St & 1 Ave,7456.03,40.7892529,-73.93956237,40.7892529,-73.93956237,member
7599B950D04B5652,electric_bike,2026-04-06 18:26:35.995,2026-04-06 18:40:31.752,West End Ave & W 60 St,7059.08,Central Park S & Grand Army Plaza,6839.15,40.77237,-73.99005,40.764555,-73.973473,member
1371C99206C42932,electric_bike,2026-04-08 09:08:29.929,2026-04-08 09:16:20.648,West End Ave & W 60 St,7059.08,Central Park S & Grand Army Plaza,6839.15,40.77237,-73.99005,40.764555,-73.973473,member
DD97424A51E7D7F2,electric_bike,2026-04-04 13:59:32.477,2026-04-04 14:09:56.325,Central Park S & Grand Army Plaza,6839.15,Central Park S & Grand Army Plaza,6839.15,40.764555,-73.973473,40.764555,-73.973473,member
BBA7FCA51FC4091D,electric_bike,2026-04-05 17:23:31.798,2026-04-05 17:56:34.085,Waterbury St & Stagg St,5099.02,Waterbury St & Stagg St,5099.02,40.71019,-73.93734,40.71019,-73.93734,member
A7168AEEA01B1F26,classic_bike,2026-04-12 17:52:57.439,2026-04-12 18:36:40.802,E 13 St & 2 Ave,5820.08,E 13 St & 2 Ave,5820.08,40.73153937464073,-73.9853024482727,40.73153937464073,-73.9853024482727,member
39383AF6C3833445,electric_bike,2026-04-07 20:53:19.800,2026-04-07 20:56:50.591,West End Ave & W 60 St,7059.08,W 54 St & 9 Ave,6920.05,40.77237,-73.99005,40.76604,-73.98737,member
537D134F85375DB1,electric_bike,2026-04-04 12:05:04.869,2026-04-04 12:08:41.342,West End Ave & W 60 St,7059.08,W 54 St & 9 Ave,6920.05,40.77237,-73.99005,40.76604,-73.98737,member
867EE9D0E63E6D5A,electric_bike,2026-04-09 21:24:20.386,2026-04-09 21:28:29.329,W 54 St & 9 Ave,6920.05,West End Ave & W 60 St,7059.08,40.76604,-73.98737,40.77237,-73.99005,member
885CB22FDD966F61,electric_bike,2026-04-03 12:25:37.459,2026-04-03 12:28:06.377,31 St & Ditmars Blvd,7144.02,31 St & Ditmars Blvd,7144.02,40.776168,-73.910485,40.776168,-73.910485,member
78437C354C2E0A9D,electric_bike,2026-04-10 14:50:15.020,2026-04-10 14:54:27.934,W 54 St & 9 Ave,6920.05,West End Ave & W 60 St,7059.08,40.76604,-73.98737,40.77237,-73.99005,member
D5DE9E32009D69BC,electric_bike,2026-04-07 21:29:06.858,2026-04-07 21:32:19.516,E 106 St & 1 Ave,7456.03,2 Ave & E 96 St,7338.02,40.7892529,-73.93956237,40.7839636,-73.9471673,member
4026E067DD92FF81,classic_bike,2026-04-03 09:50:46.800,2026-04-03 09:57:47.412,West End Ave & W 60 St,7059.08,W 54 St & 9 Ave,6920.05,40.77237,-73.99005,40.76604,-73.98737,member
88B14551966898E6,electric_bike,2026-04-09 15:35:33.293,2026-04-09 15:46:13.888,Bergen Ave & E 152 St,7858.02,E 141 St & St Ann's Ave,7722.06,40.817166,-73.914737,40.808633,-73.916124,member
A3690FA2B52DA460,electric_bike,2026-04-09 15:33:44.989,2026-04-09 15:35:03.025,Bergen Ave & E 152 St,7858.02,Bergen Ave & E 152 St,7858.02,40.817166,-73.914737,40.817166,-73.914737,member
C248550AB6C13212,electric_bike,2026-04-09 10:16:38.246,2026-04-09 10:20:11.776,W 54 St & 9 Ave,6920.05,West End Ave & W 60 St,7059.08,40.76604,-73.98737,40.77237,-73.99005,member
723ACDC9BA1F4361,electric_bike,2026-04-09 10:08:55.714,2026-04-09 10:12:18.372,West End Ave & W 60 St,7059.08,W 54 St & 9 Ave,6920.05,40.77237,-73.99005,40.76604,-73.98737,member
465C73B03C1715B8,classic_bike,2026-04-04 10:54:16.528,2026-04-04 11:01:19.599,Willoughby Ave & Myrtle Ave,4759.02,Willoughby Ave & Myrtle Ave,4759.02,40.69757,-73.93098,40.69757,-73.93098,member
ED4DDE81D1E984C9,electric_bike,2026-04-12 05:25:24.193,2026-04-12 05:30:32.016,W 54 St & 9 Ave,6920.05,West End Ave & W 60 St,7059.08,40.76604,-73.98737,40.77237,-73.99005,member
014D2621026D8487,electric_bike,2026-04-12 00:38:39.524,2026-04-12 00:45:10.315,West End Ave & W 60 St,7059.08,W 54 St & 9 Ave,6920.05,40.77237,-73.99005,40.76604,-73.98737,member
A414873B255E6400,classic_bike,2026-04-13 13:28:04.462,2026-04-13 14:05:45.124,49 Ave & 21 St,6128.04,49 Ave & 21 St,6128.04,40.74252,-73.948852,40.74252,-73.948852,member
9700CA13587B16AF,electric_bike,2026-04-14 12:56:00.550,2026-04-14 13:39:46.645,2 Ave & E 96 St,7338.02,2 Ave & E 96 St,7338.02,40.7839636,-73.9471673,40.7839636,-73.9471673,member
DC6E1B198652BAD2,electric_bike,2026-04-06 23:51:46.173,2026-04-06 23:56:40.029,Lexington Ave & E 24 St,6089.07,E 13 St & 2 Ave,5820.08,40.74025878,-73.98409214,40.73153937464073,-73.9853024482727,member
2A738683FB479B41,electric_bike,2026-04-09 20:30:20.159,2026-04-09 20:32:56.063,Melrose Ave & E 150 St,7879.01,Melrose Ave & E 150 St,7879.01,40.816827,-73.917338,40.816827,-73.917338,member
97D51A30908A4A75,electric_bike,2026-04-10 14:19:54.329,2026-04-10 14:30:35.079,Central Park S & Grand Army Plaza,6839.15,Central Park S & Grand Army Plaza,6839.15,40.764555,-73.973473,40.764555,-73.973473,member
8AAEA3EDEFA64062,electric_bike,2026-04-15 15:37:27.772,2026-04-15 15:38:55.479,Bergen Ave & E 152 St,7858.02,Melrose Ave & E 150 St,7879.01,40.817166,-73.914737,40.816827,-73.917338,member
0D21937F64ECD939,electric_bike,2026-04-12 19:00:14.823,2026-04-12 19:04:12.917,West End Ave & W 60 St,7059.08,W 54 St & 9 Ave,6920.05,40.77237,-73.99005,40.76604,-73.98737,member
87854FAD0B028C72,electric_bike,2026-04-01 21:56:35.754,2026-04-01 22:28:12.371,W 54 St & 9 Ave,6920.05,E 141 St & St Ann's Ave,7722.06,40.76604,-73.98737,40.808633,-73.916124,member
FCB4BC12EAFEA00F,electric_bike,2026-04-01 14:41:53.767,2026-04-01 14:50:31.044,E 13 St & 2 Ave,5820.08,E 13 St & 2 Ave,5820.08,40.73153937464073,-73.9853024482727,40.73153937464073,-73.9853024482727,member
596BD9C45E43AC1E,classic_bike,2026-04-02 10:12:27.226,2026-04-02 10:17:36.473,Lexington Ave & E 24 St,6089.07,E 13 St & 2 Ave,5820.08,40.74025878,-73.98409214,40.73153937464073,-73.9853024482727,member
E4B1133154B103B6,electric_bike,2026-04-01 13:05:36.465,2026-04-01 13:12:57.787,Waterbury St & Stagg St,5099.02,Waterbury St & Stagg St,5099.02,40.71019,-73.93734,40.71019,-73.93734,member
3BC82CD0FBC50BAA,electric_bike,2026-04-10 22:01:50.788,2026-04-10 22:04:55.572,E 141 St & St Ann's Ave,7722.06,Melrose Ave & E 150 St,7879.01,40.808633,-73.916124,40.816827,-73.917338,member
34E1B5769900D87B,classic_bike,2026-04-14 16:21:13.763,2026-04-14 16:23:44.760,Central Park S & Grand Army Plaza,6839.15,Central Park S & Grand Army Plaza,6839.15,40.764555,-73.973473,40.764555,-73.973473,member
E45E7C3DC1A03EB9,electric_bike,2026-04-12 03:15:19.297,2026-04-12 03:22:40.181,Willoughby Ave & Myrtle Ave,4759.02,Knickerbocker Ave & Halsey St,4623.02,40.69757,-73.93098,40.693,-73.90824,member
5A03A62F2F3BF0F2,classic_bike,2026-04-15 17:09:05.631,2026-04-15 17:14:28.889,E 106 St & 1 Ave,7456.03,2 Ave & E 96 St,7338.02,40.7892529,-73.93956237,40.7839636,-73.9471673,member
A64BF9CA9EC269FA,classic_bike,2026-04-02 08:02:17.787,2026-04-02 08:08:18.736,E 106 St & 1 Ave,7456.03,2 Ave & E 96 St,7338.02,40.7892529,-73.93956237,40.7839636,-73.9471673,member
F5F5562AA911C0A0,electric_bike,2026-04-13 19:02:08.806,2026-04-13 19:37:23.566,Central Park S & Grand Army Plaza,6839.15,Central Park S & Grand Army Plaza,6839.15,40.764555,-73.973473,40.764555,-73.973473,member
106ED9E64BDD9DB2,electric_bike,2026-04-01 13:03:31.044,2026-04-01 13:07:07.473,Central Park S & Grand Army Plaza,6839.15,Central Park S & Grand Army Plaza,6839.15,40.764555,-73.973473,40.764555,-73.973473,casual
18F3385A99B88935,electric_bike,2026-04-09 17:36:33.662,2026-04-09 17:37:49.625,Vernon Blvd & 31 Ave,7003.06,Vernon Blvd & 31 Ave,7003.06,40.7692475,-73.9354504,40.7692475,-73.9354504,member
8757C37A3F29E11E,electric_bike,2026-04-01 20:30:32.109,2026-04-01 20:31:48.746,E 13 St & 2 Ave,5820.08,E 13 St & 2 Ave,5820.08,40.73153937464073,-73.9853024482727,40.73153937464073,-73.9853024482727,member
78D19523A2ADFFFA,electric_bike,2026-04-03 15:20:18.153,2026-04-03 15:54:29.730,Willoughby Ave & Myrtle Ave,4759.02,Vernon Blvd & 31 Ave,7003.06,40.69757,-73.93098,40.7692475,-73.9354504,member
598FF45A217FAC4A,electric_bike,2026-04-01 14:23:27.038,2026-04-01 14:37:29.010,E 141 St & St Ann's Ave,7722.06,E 141 St & St Ann's Ave,7722.06,40.808633,-73.916124,40.808633,-73.916124,member
6303127371CF6B6F,classic_bike,2026-04-06 11:56:28.344,2026-04-06 12:00:51.130,E 106 St & 1 Ave,7456.03,E 106 St & 1 Ave,7456.03,40.7892529,-73.93956237,40.7892529,-73.93956237,member
800BA1F17046F071,classic_bike,2026-04-03 22:25:42.421,2026-04-03 22:28:53.221,W 54 St & 9 Ave,6920.05,W 54 St & 9 Ave,6920.05,40.76604,-73.98737,40.76604,-73.98737,member
F84201E8744E9E92,classic_bike,2026-04-02 17:24:44.585,2026-04-02 17:40:18.002,E 106 St & 1 Ave,7456.03,E 106 St & 1 Ave,7456.03,40.7892529,-73.93956237,40.7892529,-73.93956237,member
4F7965E55DE293AF,electric_bike,2026-04-15 12:57:14.815,2026-04-15 13:21:06.914,West End Ave & W 60 St,7059.08,West End Ave & W 60 St,7059.08,40.77237,-73.99005,40.77237,-73.99005,member
0AD7F32E93387330,electric_bike,2026-04-14 12:30:50.257,2026-04-14 12:36:46.230,West End Ave & W 60 St,7059.08,West End Ave & W 60 St,7059.08,40.77237,-73.99005,40.77237,-73.99005,member
925C36955C17B5CE,electric_bike,2026-04-13 21:40:40.441,2026-04-13 21:59:41.698,Lexington Ave & E 24 St,6089.07,West End Ave & W 60 St,7059.08,40.74025878,-73.98409214,40.77237,-73.99005,member
34F1CB93FBCCA78C,electric_bike,2026-04-14 23:13:34.764,2026-04-14 23:15:56.282,Ditmars Blvd & 73 St,6964.05,Ditmars Blvd & 73 St,6964.05,40.76817,-73.896293,40.76817,-73.896293,member
6FC5FF8917D6D6CF,classic_bike,2026-04-14 20:39:03.740,2026-04-14 20:40:26.328,W 54 St & 9 Ave,6920.05,W 54 St & 9 Ave,6920.05,40.76604,-73.98737,40.76604,-73.98737,member
37EACB47469C12AA,classic_bike,2026-04-10 01:10:36.345,2026-04-10 01:17:44.031,Lexington Ave & E 24 St,6089.07,E 13 St & 2 Ave,5820.08,40.74025878,-73.98409214,40.73153937464073,-73.9853024482727,member
0B7DEECF23E31FB6,electric_bike,2026-04-11 16:28:11.406,2026-04-11 16:30:39.822,Melrose Ave & E 150 St,7879.01,Melrose Ave & E 150 St,7879.01,40.816827,-73.917338,40.816827,-73.917338,member
47154F524BFE1A3E,electric_bike,2026-04-13 18:48:23.234,2026-04-13 19:15:43.376,Central Park S & Grand Army Plaza,6839.15,E 106 St & 1 Ave,7456.03,40.764555,-73.973473,40.7892529,-73.93956237,member
7791593C5CFBE100,classic_bike,2026-04-05 21:57:32.249,2026-04-05 22:21:21.701,Vernon Blvd & 31 Ave,7003.06,Vernon Blvd & 31 Ave,7003.06,40.7692475,-73.9354504,40.7692475,-73.9354504,member
4AC5AD214384FA00,electric_bike,2026-04-13 12:29:16.683,2026-04-13 12:37:08.788,Waterbury St & Stagg St,5099.02,Waterbury St & Stagg St,5099.02,40.71019,-73.93734,40.71019,-73.93734,member
A2328B2FBD6F4810,electric_bike,2026-04-04 13:56:30.445,2026-04-04 15:30:48.425,Central Park S & Grand Army Plaza,6839.15,Central Park S & Grand Army Plaza,6839.15,40.764555,-73.973473,40.764555,-73.973473,casual
800C2F7F571D5E59,classic_bike,2026-04-13 12:17:53.883,2026-04-13 12:26:31.848,Lexington Ave & E 24 St,6089.07,Lexington Ave & E 24 St,6089.07,40.74025878,-73.98409214,40.74025878,-73.98409214,member
0347453789A5C58E,electric_bike,2026-04-03 18:12:54.368,2026-04-03 18:26:20.774,31 St & Ditmars Blvd,7144.02,31 St & Ditmars Blvd,7144.02,40.776168,-73.910485,40.776168,-73.910485,member
879600796FBCF038,classic_bike,2026-04-10 11:58:43.590,2026-04-10 12:10:45.349,Vernon Blvd & 31 Ave,7003.06,31 St & Northern Blvd,6495.17,40.7692475,-73.9354504,40.75186951421875,-73.93349289894103,member
A40D1674C87F34A4,electric_bike,2026-04-13 17:12:51.626,2026-04-13 17:36:43.874,West End Ave & W 60 St,7059.08,Lexington Ave & E 24 St,6089.07,40.77237,-73.99005,40.74025878,-73.98409214,member
879586573DEA9A08,electric_bike,2026-04-08 14:41:25.347,2026-04-08 14:48:04.974,West End Ave & W 60 St,7059.08,Central Park S & Grand Army Plaza,6839.15,40.77237,-73.99005,40.764555,-73.973473,member
09C47CA8FD73AD18,electric_bike,2026-04-07 17:53:00.737,2026-04-07 18:09:30.077,W 54 St & 9 Ave,6920.05,2 Ave & E 96 St,7338.02,40.76604,-73.98737,40.7839636,-73.9471673,member
A2C42B745EEBCBFC,electric_bike,2026-04-07 17:28:59.060,2026-04-07 17:35:02.312,E 13 St & 2 Ave,5820.08,Lexington Ave & E 24 St,6089.07,40.73153937464073,-73.9853024482727,40.74025878,-73.98409214,member
6C16A10CDE856115,electric_bike,2026-04-13 15:43:39.175,2026-04-13 15:45:18.847,Lexington Ave & E 24 St,6089.07,Lexington Ave & E 24 St,6089.07,40.74025878,-73.98409214,40.74025878,-73.98409214,member
D22B700201E864CD,classic_bike,2026-04-13 12:29:19.915,2026-04-13 12:34:36.714,2 Ave & E 96 St,7338.02,E 106 St & 1 Ave,7456.03,40.7839636,-73.9471673,40.7892529,-73.93956237,member
8E9E40CAD3CEBB74,classic_bike,2026-04-13 09:12:28.110,2026-04-13 09:17:35.109,E 106 St & 1 Ave,7456.03,2 Ave & E 96 St,7338.02,40.7892529,-73.93956237,40.7839636,-73.9471673,member
AB90022B89674697,classic_bike,2026-04-11 02:49:51.477,2026-04-11 03:15:24.621,E 13 St & 2 Ave,5820.08,E 13 St & 2 Ave,5820.08,40.73153937464073,-73.9853024482727,40.73153937464073,-73.9853024482727,member
2DDF40B3581437B8,electric_bike,2026-04-01 10:16:37.060,2026-04-01 10:26:23.102,Hancock St & Stuyvesant Ave,4383.06,Hancock St & Stuyvesant Ave,4383.06,40.68454,-73.9322,40.68454,-73.9322,member
26BB54F69E66E45D,electric_bike,2026-04-08 16:58:22.725,2026-04-08 17:04:21.059,Central Park S & Grand Army Plaza,6839.15,West End Ave & W 60 St,7059.08,40.764555,-73.973473,40.77237,-73.99005,member
4B23DD44F26F83B6,electric_bike,2026-04-07 16:18:34.671,2026-04-07 16:25:09.249,W 54 St & 9 Ave,6920.05,West End Ave & W 60 St,7059.08,40.76604,-73.98737,40.77237,-73.99005,member
B943917818D19BEC,electric_bike,2026-04-05 19:59:39.077,2026-04-05 20:02:22.211,Waterbury St & Stagg St,5099.02,Waterbury St & Stagg St,5099.02,40.71019,-73.93734,40.71019,-73.93734,member
CE921DB9D497AA67,classic_bike,2026-04-15 19:58:02.781,2026-04-15 20:27:23.401,Fulton Ave & E 172 St,8186.01,Fulton Ave & E 172 St,8186.01,40.839229,-73.899047,40.839229,-73.899047,member
43D68CD70C58F69F,classic_bike,2026-04-15 15:09:25.383,2026-04-15 15:22:34.068,Fulton Ave & E 172 St,8186.01,Fulton Ave & E 172 St,8186.01,40.839229,-73.899047,40.839229,-73.899047,member
C5A69F1B9CEDAB0F,electric_bike,2026-04-15 19:54:47.240,2026-04-15 19:56:23.384,Fulton Ave & E 172 St,8186.01,Fulton Ave & E 172 St,8186.01,40.839229,-73.899047,40.839229,-73.899047,member
DEA3C41CB3CF718B,electric_bike,2026-04-09 20:32:59.242,2026-04-09 20:42:23.073,Grove St & Fresh Pond Rd,5168.04,65 St & Otto Rd,4977.03,40.71032,-73.89955,40.70389,-73.89116,member
BD792CFDC15AD412,electric_bike,2026-04-15 07:04:03.350,2026-04-15 07:36:22.378,Sedgwick Ave & W 195 St,8692.04,Concourse Village West & E 156 St,7962.01,40.87049,-73.90287,40.823162,-73.923267,member
3825826D69A62415,electric_bike,2026-04-09 14:00:54.328,2026-04-09 14:30:48.575,Washington Park,4546.05,Kent St & McGuinness Blvd,5785.10,40.6917823,-73.9737299,40.73124,-73.95161,member
80EBC2E47AB20FE4,electric_bike,2026-04-09 11:49:39.176,2026-04-09 12:14:04.744,Kent St & McGuinness Blvd,5785.10,Washington Park,4546.05,40.73124,-73.95161,40.6917823,-73.9737299,member
F75B34744CF57B31,electric_bike,2026-04-10 15:08:41.487,2026-04-10 15:48:01.452,Sedgwick Ave & W 195 St,8692.04,Sedgwick Ave & W 195 St,8692.04,40.87049,-73.90287,40.87049,-73.90287,member
80899E975E5C332F,electric_bike,2026-04-04 15:37:57.404,2026-04-04 15:43:07.571,West End Ave & W 60 St,7059.08,West End Ave & W 60 St,7059.08,40.77237,-73.99005,40.77237,-73.99005,member
0238F1399169FC0C,classic_bike,2026-04-12 19:44:02.259,2026-04-12 19:45:15.096,E 13 St & 2 Ave,5820.08,E 13 St & 2 Ave,5820.08,40.73153937464073,-73.9853024482727,40.73153937464073,-73.9853024482727,member
0E583CE7C8CED49C,classic_bike,2026-04-12 19:47:10.092,2026-04-12 19:54:40.044,E 13 St & 2 Ave,5820.08,Lexington Ave & E 24 St,6089.07,40.73153937464073,-73.9853024482727,40.74025878,-73.98409214,member
4C1FA80224673A80,classic_bike,2026-04-12 14:12:16.745,2026-04-12 14:13:44.306,W 54 St & 9 Ave,6920.05,W 54 St & 9 Ave,6920.05,40.76604,-73.98737,40.76604,-73.98737,member
51C5C579B619C81C,electric_bike,2026-04-04 08:14:18.342,2026-04-04 09:14:32.536,Central Park S & Grand Army Plaza,6839.15,Central Park S & Grand Army Plaza,6839.15,40.764555,-73.973473,40.764555,-73.973473,casual
7961A786CA0E0699,electric_bike,2026-04-04 14:00:03.578,2026-04-04 14:15:18.643,Central Park S & Grand Army Plaza,6839.15,Central Park S & Grand Army Plaza,6839.15,40.764555,-73.973473,40.764555,-73.973473,casual
A5BA70D1A0FE63BB,electric_bike,2026-04-03 12:10:31.819,2026-04-03 12:35:21.367,Central Park S & Grand Army Plaza,6839.15,Central Park S & Grand Army Plaza,6839.15,40.764555,-73.973473,40.764555,-73.973473,casual
F01551B1FE4150B5,electric_bike,2026-04-13 10:26:56.996,2026-04-13 10:40:08.025,Lexington Ave & E 24 St,6089.07,Lexington Ave & E 24 St,6089.07,40.74025878,-73.98409214,40.74025878,-73.98409214,casual
8F4A59A2F7FEA542,electric_bike,2026-04-09 19:46:39.888,2026-04-09 19:55:23.171,Vernon Blvd & 31 Ave,7003.06,Vernon Blvd & 31 Ave,7003.06,40.7692475,-73.9354504,40.7692475,-73.9354504,casual
6C7AF66EBDC5954D,electric_bike,2026-04-01 17:03:04.608,2026-04-01 17:48:12.585,Central Park S & Grand Army Plaza,6839.15,Central Park S & Grand Army Plaza,6839.15,40.764555,-73.973473,40.764555,-73.973473,casual
3552DC5249859B90,electric_bike,2026-04-01 17:02:27.940,2026-04-01 17:48:23.576,Central Park S & Grand Army Plaza,6839.15,Central Park S & Grand Army Plaza,6839.15,40.764555,-73.973473,40.764555,-73.973473,casual
93224ADEB8A540FE,electric_bike,2026-04-06 22:02:59.279,2026-04-06 22:19:57.713,Melrose Ave & E 150 St,7879.01,Melrose Ave & E 150 St,7879.01,40.816827,-73.917338,40.816827,-73.917338,casual
2907861FF70466C7,electric_bike,2026-04-14 08:11:29.408,2026-04-14 08:12:44.935,Melrose Ave & E 150 St,7879.01,Melrose Ave & E 150 St,7879.01,40.816827,-73.917338,40.816827,-73.917338,casual
AF4FA469D07F8A22,electric_bike,2026-04-11 14:55:27.076,2026-04-11 15:00:39.235,Central Park S & Grand Army Plaza,6839.15,Central Park S & Grand Army Plaza,6839.15,40.764555,-73.973473,40.764555,-73.973473,casual
87A73AE4ECBEFCB4,classic_bike,2026-04-11 02:37:56.870,2026-04-11 02:50:42.226,Waterbury St & Stagg St,5099.02,Willoughby Ave & Myrtle Ave,4759.02,40.71019,-73.93734,40.69757,-73.93098,casual
F9DF005AE47E3562,electric_bike,2026-04-11 15:40:18.894,2026-04-11 16:40:12.952,Central Park S & Grand Army Plaza,6839.15,Central Park S & Grand Army Plaza,6839.15,40.764555,-73.973473,40.764555,-73.973473,casual
45BE649E9A270C40,electric_bike,2026-04-11 15:39:35.912,2026-04-11 15:45:00.750,Fulton Ave & E 172 St,8186.01,Fulton Ave & E 172 St,8186.01,40.839229,-73.899047,40.839229,-73.899047,casual
9E77BA7121D746D6,electric_bike,2026-04-14 08:55:26.772,2026-04-14 09:16:30.749,Central Park S & Grand Army Plaza,6839.15,Central Park S & Grand Army Plaza,6839.15,40.764555,-73.973473,40.764555,-73.973473,casual
70EBBA183875FE04,electric_bike,2026-04-11 12:48:10.725,2026-04-11 12:53:08.876,Central Park S & Grand Army Plaza,6839.15,Central Park S & Grand Army Plaza,6839.15,40.764555,-73.973473,40.764555,-73.973473,casual
19DFFE919807B649,electric_bike,2026-04-04 19:21:11.795,2026-04-04 19:25:41.384,Kent St & McGuinness Blvd,5785.10,Kent St & McGuinness Blvd,5785.10,40.73124,-73.95161,40.73124,-73.95161,casual
005DBDAF1998F55E,electric_bike,2026-04-08 20:14:27.785,2026-04-08 20:36:20.404,2 Ave & E 96 St,7338.02,2 Ave & E 96 St,7338.02,40.7839636,-73.9471673,40.7839636,-73.9471673,casual
64D4D4AC9C219F83,classic_bike,2026-04-13 06:55:39.976,2026-04-13 07:02:16.100,E 13 St & 2 Ave,5820.08,Lexington Ave & E 24 St,6089.07,40.73153937464073,-73.9853024482727,40.74025878,-73.98409214,casual
1EF87FA1190C9B8C,electric_bike,2026-04-12 18:15:10.267,2026-04-12 18:48:47.002,Central Park S & Grand Army Plaza,6839.15,Central Park S & Grand Army Plaza,6839.15,40.764555,-73.973473,40.764555,-73.973473,casual
951F1177DC1FE93C,electric_bike,2026-04-10 15:38:36.144,2026-04-10 18:03:04.284,Fulton Ave & E 172 St,8186.01,Fulton Ave & E 172 St,8186.01,40.839229,-73.899047,40.839229,-73.899047,casual
3D5FC3BF26B12143,classic_bike,2026-04-11 14:59:24.745,2026-04-11 15:06:54.701,37 Ave & 63 St,6340.09,37 Ave & 63 St,6340.09,40.74893,-73.89981,40.74893,-73.89981,casual
0BE1ED8A34CBF1B4,electric_bike,2026-04-11 10:15:58.120,2026-04-11 10:17:26.365,E 13 St & 2 Ave,5820.08,E 13 St & 2 Ave,5820.08,40.73153937464073,-73.9853024482727,40.73153937464073,-73.9853024482727,casual
24EB27F6BB9FD5A3,classic_bike,2026-04-11 14:53:14.353,2026-04-11 15:46:58.609,Central Park S & Grand Army Plaza,6839.15,Central Park S & Grand Army Plaza,6839.15,40.764555,-73.973473,40.764555,-73.973473,casual
E482DF95242C45F9,electric_bike,2026-04-11 11:06:42.560,2026-04-11 11:43:21.807,Central Park S & Grand Army Plaza,6839.15,Central Park S & Grand Army Plaza,6839.15,40.764555,-73.973473,40.764555,-73.973473,casual
AAFE1350558F0425,electric_bike,2026-04-05 13:44:50.520,2026-04-05 13:48:31.696,Central Park S & Grand Army Plaza,6839.15,Central Park S & Grand Army Plaza,6839.15,40.764555,-73.973473,40.764555,-73.973473,casual
8346FAF247DBEA0A,electric_bike,2026-04-04 22:55:23.886,2026-04-04 22:59:24.251,Lexington Ave & E 24 St,6089.07,Lexington Ave & E 24 St,6089.07,40.74025878,-73.98409214,40.74025878,-73.98409214,casual
A6F386D676DD1042,classic_bike,2026-04-04 14:05:49.109,2026-04-04 15:35:29.250,Central Park S & Grand Army Plaza,6839.15,Central Park S & Grand Army Plaza,6839.15,40.764555,-73.973473,40.764555,-73.973473,casual
FF61BF62382BD4FF,classic_bike,2026-04-07 11:34:47.413,2026-04-07 11:58:12.496,31 St & Northern Blvd,6495.17,31 St & Northern Blvd,6495.17,40.75186951421875,-73.93349289894103,40.75186951421875,-73.93349289894103,casual
C8F0CB480DA75D27,electric_bike,2026-04-07 17:33:17.947,2026-04-07 17:55:11.401,Nassau St & Navy St,4812.02,Hancock St & Stuyvesant Ave,4383.06,40.69839895,-73.98068914,40.68454,-73.9322,casual
FEA55CF79D34558D,classic_bike,2026-04-07 16:26:01.087,2026-04-07 17:32:51.113,Washington Park,4546.05,Washington Park,4546.05,40.6917823,-73.9737299,40.6917823,-73.9737299,casual
EC7BD4D8187BDA03,electric_bike,2026-04-07 15:33:53.079,2026-04-07 15:45:59.667,46 St & 28 Ave,6842.02,Vernon Blvd & 31 Ave,7003.06,40.763328,-73.908782,40.7692475,-73.9354504,casual
923EA89543D63D17,classic_bike,2026-04-14 15:09:52.006,2026-04-14 15:40:03.095,Central Park S & Grand Army Plaza,6839.15,Central Park S & Grand Army Plaza,6839.15,40.764555,-73.973473,40.764555,-73.973473,casual
53CB18916EBC86FB,electric_bike,2026-04-14 12:13:00.506,2026-04-14 13:01:57.081,Central Park S & Grand Army Plaza,6839.15,Central Park S & Grand Army Plaza,6839.15,40.764555,-73.973473,40.764555,-73.973473,casual
415E7DC3EA80B2C8,classic_bike,2026-04-14 10:23:56.579,2026-04-14 11:26:18.391,Central Park S & Grand Army Plaza,6839.15,Central Park S & Grand Army Plaza,6839.15,40.764555,-73.973473,40.764555,-73.973473,casual
91E20A9E57F0D588,electric_bike,2026-04-04 18:33:03.532,2026-04-04 18:43:39.230,Sedgwick Ave & W 195 St,8692.04,Sedgwick Ave & W 195 St,8692.04,40.87049,-73.90287,40.87049,-73.90287,casual
38D57116CA41143C,electric_bike,2026-04-11 23:38:27.049,2026-04-11 23:40:07.004,49 Ave & 21 St,6128.04,49 Ave & 21 St,6128.04,40.74252,-73.948852,40.74252,-73.948852,casual
F9B2F99FF882D809,electric_bike,2026-04-12 16:29:54.318,2026-04-12 16:53:50.156,West End Ave & W 60 St,7059.08,West End Ave & W 60 St,7059.08,40.77237,-73.99005,40.77237,-73.99005,casual
1438B324A5D69A08,classic_bike,2026-04-10 18:27:11.787,2026-04-10 19:27:46.492,W 54 St & 9 Ave,6920.05,W 54 St & 9 Ave,6920.05,40.76604,-73.98737,40.76604,-73.98737,casual
B63901719334ED30,electric_bike,2026-04-13 16:23:25.333,2026-04-13 17:06:24.004,Central Park S & Grand Army Plaza,6839.15,Central Park S & Grand Army Plaza,6839.15,40.764555,-73.973473,40.764555,-73.973473,casual
787F66A8A3B62D30,electric_bike,2026-04-01 14:18:11.256,2026-04-01 15:01:47.760,Willoughby Ave & Myrtle Ave,4759.02,Willoughby Ave & Myrtle Ave,4759.02,40.69757,-73.93098,40.69757,-73.93098,casual
6C4F16829C93777F,electric_bike,2026-04-02 17:11:09.309,2026-04-02 17:38:02.663,Willoughby Ave & Myrtle Ave,4759.02,Willoughby Ave & Myrtle Ave,4759.02,40.69757,-73.93098,40.69757,-73.93098,casual
FD99FFAE99B6F7DB,electric_bike,2026-04-02 11:53:46.241,2026-04-02 12:17:08.182,Central Park S & Grand Army Plaza,6839.15,Central Park S & Grand Army Plaza,6839.15,40.764555,-73.973473,40.764555,-73.973473,casual
E1E68D265FE246C0,electric_bike,2026-04-01 12:46:18.680,2026-04-01 13:31:19.848,Central Park S & Grand Army Plaza,6839.15,Central Park S & Grand Army Plaza,6839.15,40.764555,-73.973473,40.764555,-73.973473,casual
F5FD48E2E15A6732,electric_bike,2026-04-06 14:18:45.832,2026-04-06 15:14:03.423,Central Park S & Grand Army Plaza,6839.15,Central Park S & Grand Army Plaza,6839.15,40.764555,-73.973473,40.764555,-73.973473,casual
714F5C1B52FD9099,electric_bike,2026-04-10 13:47:05.587,2026-04-10 13:52:54.584,Central Park S & Grand Army Plaza,6839.15,Central Park S & Grand Army Plaza,6839.15,40.764555,-73.973473,40.764555,-73.973473,casual
BDDBCEA5CF4339D4,classic_bike,2026-04-10 11:03:38.490,2026-04-10 11:52:31.927,Central Park S & Grand Army Plaza,6839.15,Central Park S & Grand Army Plaza,6839.15,40.764555,-73.973473,40.764555,-73.973473,casual
0E6F816DC915DD43,electric_bike,2026-04-10 13:14:57.897,2026-04-10 13:17:00.447,Central Park S & Grand Army Plaza,6839.15,Central Park S & Grand Army Plaza,6839.15,40.764555,-73.973473,40.764555,-73.973473,casual
1A4813920B90226D,electric_bike,2026-04-14 08:13:13.886,2026-04-14 08:27:39.555,Vernon Blvd & 31 Ave,7003.06,Vernon Blvd & 31 Ave,7003.06,40.7692475,-73.9354504,40.7692475,-73.9354504,casual
D50C072FF99C3574,electric_bike,2026-04-06 16:09:46.703,2026-04-06 16:38:55.389,Washington Park,4546.05,Washington Park,4546.05,40.6917823,-73.9737299,40.6917823,-73.9737299,casual
056B5C4D3FCAEDD3,electric_bike,2026-04-06 15:38:52.103,2026-04-06 16:08:14.769,Washington Park,4546.05,Washington Park,4546.05,40.6917823,-73.9737299,40.6917823,-73.9737299,casual
64EFD286299651BC,electric_bike,2026-04-08 10:43:47.665,2026-04-08 11:14:00.132,Central Park S & Grand Army Plaza,6839.15,Central Park S & Grand Army Plaza,6839.15,40.764555,-73.973473,40.764555,-73.973473,casual
9A53D8831CE4D092,electric_bike,2026-04-02 06:08:04.097,2026-04-02 06:14:22.850,E 13 St & 2 Ave,5820.08,Lexington Ave & E 24 St,6089.07,40.73153937464073,-73.9853024482727,40.74025878,-73.98409214,casual
DECA17DB838950AE,classic_bike,2026-04-14 12:16:23.411,2026-04-14 12:56:02.307,Central Park S & Grand Army Plaza,6839.15,Central Park S & Grand Army Plaza,6839.15,40.764555,-73.973473,40.764555,-73.973473,casual
114B42063F8C070F,electric_bike,2026-04-02 20:53:56.349,2026-04-02 21:04:30.388,31 St & Northern Blvd,6495.17,Vernon Blvd & 31 Ave,7003.06,40.75186951421875,-73.93349289894103,40.7692475,-73.9354504,casual
59B31C9E26D0C2AF,electric_bike,2026-04-14 21:35:07.699,2026-04-14 21:38:43.454,W 54 St & 9 Ave,6920.05,W 54 St & 9 Ave,6920.05,40.76604,-73.98737,40.76604,-73.98737,casual
A4EAEEF0E35987A1,electric_bike,2026-04-08 02:31:52.028,2026-04-08 03:44:49.816,Hancock St & Stuyvesant Ave,4383.06,Hancock St & Stuyvesant Ave,4383.06,40.68454,-73.9322,40.68454,-73.9322,casual
83262E60241AB2B9,electric_bike,2026-04-08 15:58:58.680,2026-04-08 16:24:52.298,Central Park S & Grand Army Plaza,6839.15,Central Park S & Grand Army Plaza,6839.15,40.764555,-73.973473,40.764555,-73.973473,casual
9D4CD030DDDF5CDB,electric_bike,2026-04-12 18:15:31.249,2026-04-12 18:49:19.873,Central Park S & Grand Army Plaza,6839.15,Central Park S & Grand Army Plaza,6839.15,40.764555,-73.973473,40.764555,-73.973473,casual
C9F54B108096E73F,classic_bike,2026-04-01 20:49:42.796,2026-04-01 21:04:00.203,37 Ave & 63 St,6340.09,37 Ave & 63 St,6340.09,40.74893,-73.89981,40.74893,-73.89981,casual
13DF3F1075D28238,electric_bike,2026-04-11 16:32:08.681,2026-04-11 16:41:23.322,Central Park S & Grand Army Plaza,6839.15,Central Park S & Grand Army Plaza,6839.15,40.764555,-73.973473,40.764555,-73.973473,casual
67833D40960656CA,electric_bike,2026-04-11 16:50:52.603,2026-04-11 16:53:31.467,Central Park S & Grand Army Plaza,6839.15,Central Park S & Grand Army Plaza,6839.15,40.764555,-73.973473,40.764555,-73.973473,casual
BE4E4CCCC8CCC63C,electric_bike,2026-04-11 14:53:50.448,2026-04-11 15:47:07.232,Central Park S & Grand Army Plaza,6839.15,Central Park S & Grand Army Plaza,6839.15,40.764555,-73.973473,40.764555,-73.973473,casual
EF7A6BA18ED1D1F4,electric_bike,2026-04-11 16:03:06.489,2026-04-11 17:49:56.123,Central Park S & Grand Army Plaza,6839.15,Central Park S & Grand Army Plaza,6839.15,40.764555,-73.973473,40.764555,-73.973473,casual
3FCF6201CCA42021,electric_bike,2026-04-11 10:42:51.513,2026-04-11 10:44:22.879,E 13 St & 2 Ave,5820.08,E 13 St & 2 Ave,5820.08,40.73153937464073,-73.9853024482727,40.73153937464073,-73.9853024482727,casual
B9F6DDC62FF6F7A9,electric_bike,2026-04-01 14:24:15.879,2026-04-01 14:31:51.663,Boston Rd & Prospect Ave,8133.08,Melrose Ave & E 150 St,7879.01,40.833246,-73.896599,40.816827,-73.917338,member
A29905011F9B3790,electric_bike,2026-04-12 09:39:55.430,2026-04-12 09:46:23.443,Boston Rd & Prospect Ave,8133.08,Melrose Ave & E 150 St,7879.01,40.833246,-73.896599,40.816827,-73.917338,member
1740E6E4D8102BBF,electric_bike,2026-04-08 06:53:54.661,2026-04-08 07:12:04.697,W 59 St & 10 Ave,7023.04,E 13 St & 2 Ave,5820.08,40.770513,-73.988038,40.73153937464073,-73.9853024482727,member
9B7F76D517AE4E7E,classic_bike,2026-04-08 22:33:05.444,2026-04-08 22:35:43.272,W 59 St & 10 Ave,7023.04,West End Ave & W 60 St,7059.08,40.770513,-73.988038,40.77237,-73.99005,member
B1E3F279B6AEF2EC,classic_bike,2026-04-13 17:29:29.233,2026-04-13 17:34:48.753,31 Ave & Crescent St,6893.10,Vernon Blvd & 31 Ave,7003.06,40.7658346,-73.9265474,40.7692475,-73.9354504,member
B0FB70BE3FBFD467,electric_bike,2026-04-13 21:15:18.146,2026-04-13 21:29:46.587,Sterling Pl & Franklin Ave,4033.16,Willoughby Ave & Myrtle Ave,4759.02,40.67324785,-73.95689517,40.69757,-73.93098,member
4B5A2AE0032B1F66,classic_bike,2026-04-09 09:17:24.755,2026-04-09 09:32:18.586,Barrow St & Hudson St,5805.05,Lexington Ave & E 24 St,6089.07,40.73172428,-74.00674436,40.74025878,-73.98409214,member
C0C84075B5863C0B,electric_bike,2026-04-04 01:19:37.834,2026-04-04 01:30:04.419,E 53 St & Lexington Ave,6617.09,E 13 St & 2 Ave,5820.08,40.75828065,-73.97069431,40.73153937464073,-73.9853024482727,member
0FC2F6C8C13C018F,electric_bike,2026-04-08 07:45:23.077,2026-04-08 08:11:16.807,River Ave & E 151 St,7967.04,Central Park S & Grand Army Plaza,6839.15,40.822217,-73.928939,40.764555,-73.973473,member
402E8BF40925143D,electric_bike,2026-04-14 15:47:32.814,2026-04-14 15:52:52.094,Forsyth St & Broome St,5453.05,E 13 St & 2 Ave,5820.08,40.71893904,-73.99266288,40.73153937464073,-73.9853024482727,member
97C1800AB2CC01A9,classic_bike,2026-04-07 17:32:13.494,2026-04-07 17:35:10.594,Putnam Ave & Ralph Ave,4450.06,Lexington Ave & Patchen Ave,4534.06,40.68705,-73.92338,40.6904,-73.9277,member
6A288A27CFD45F06,electric_bike,2026-04-08 19:30:33.816,2026-04-08 19:38:38.145,E 167 St & Franklin Ave,8048.01,Melrose Ave & E 150 St,7879.01,40.82895,-73.90521,40.816827,-73.917338,member
38CDEE77173D6472,electric_bike,2026-04-11 23:19:35.057,2026-04-11 23:30:15.019,79 St & 37 Ave,6365.10,Ditmars Blvd & 73 St,6964.05,40.74937,-73.88714,40.76817,-73.896293,member
D0DF72D260A3EA33,electric_bike,2026-04-07 19:25:34.187,2026-04-07 19:29:32.410,River Ave & E 151 St,7967.04,Concourse Village West & E 156 St,7962.01,40.822217,-73.928939,40.823162,-73.923267,member
4C68B5E1DF649925,electric_bike,2026-04-09 13:21:29.237,2026-04-09 13:26:27.176,31 Ave & Crescent St,6893.10,Vernon Blvd & 31 Ave,7003.06,40.7658346,-73.9265474,40.7692475,-73.9354504,member
5B31773E8F6B2C40,electric_bike,2026-04-02 11:40:34.007,2026-04-02 11:44:34.640,River Ave & E 151 St,7967.04,Concourse Village West & E 156 St,7962.01,40.822217,-73.928939,40.823162,-73.923267,member
F00DCBB22C854A17,classic_bike,2026-04-02 16:47:24.316,2026-04-02 16:53:11.867,Adelphi St & Myrtle Ave,4620.02,Nassau St & Navy St,4812.02,40.69308257,-73.97178913,40.69839895,-73.98068914,member
36B719930357466A,classic_bike,2026-04-14 08:04:51.531,2026-04-14 08:06:39.560,W 59 St & 10 Ave,7023.04,West End Ave & W 60 St,7059.08,40.770513,-73.988038,40.77237,-73.99005,member
CE34BD8E899076DD,electric_bike,2026-04-07 13:25:46.234,2026-04-07 13:40:25.937,79 St & 37 Ave,6365.10,31 St & Northern Blvd,6495.17,40.74937,-73.88714,40.75186951421875,-73.93349289894103,member
25782AC34CB73074,classic_bike,2026-04-07 13:59:52.493,2026-04-07 14:01:23.173,W 59 St & 10 Ave,7023.04,West End Ave & W 60 St,7059.08,40.770513,-73.988038,40.77237,-73.99005,member
E3760DA84C0247FF,electric_bike,2026-04-01 17:04:25.258,2026-04-01 17:11:20.693,Menahan St & Central Ave,4672.01,Willoughby Ave & Myrtle Ave,4759.02,40.69543,-73.9196,40.69757,-73.93098,member
2442451D4F4EBF66,classic_bike,2026-04-13 08:15:34.987,2026-04-13 08:17:10.399,W 59 St & 10 Ave,7023.04,West End Ave & W 60 St,7059.08,40.770513,-73.988038,40.77237,-73.99005,member
B92213D77AF73D4D,electric_bike,2026-04-08 22:13:47.479,2026-04-08 22:21:08.634,5 St & 51 Ave,6137.04,Kent St & McGuinness Blvd,5785.10,40.7423737,-73.9566,40.73124,-73.95161,member
6905501CF2028162,electric_bike,2026-04-11 14:13:54.680,2026-04-11 14:21:53.136,E 53 St & Lexington Ave,6617.09,Central Park S & Grand Army Plaza,6839.15,40.75828065,-73.97069431,40.764555,-73.973473,member
937FE1403AA47740,electric_bike,2026-04-11 23:52:51.972,2026-04-11 23:57:19.318,Putnam Ave & Ralph Ave,4450.06,Hancock St & Stuyvesant Ave,4383.06,40.68705,-73.92338,40.68454,-73.9322,member
8A55B584E44B53FC,electric_bike,2026-04-03 20:32:26.624,2026-04-03 20:40:00.858,E 53 St & Lexington Ave,6617.09,Central Park S & Grand Army Plaza,6839.15,40.75828065,-73.97069431,40.764555,-73.973473,member
810DE11A9B1128E1,classic_bike,2026-04-01 18:23:46.423,2026-04-01 18:30:00.346,31 Ave & Crescent St,6893.10,Vernon Blvd & 31 Ave,7003.06,40.7658346,-73.9265474,40.7692475,-73.9354504,member
48FEBD196343444D,electric_bike,2026-04-08 19:44:37.658,2026-04-08 20:02:25.644,Barrow St & Hudson St,5805.05,Central Park S & Grand Army Plaza,6839.15,40.73172428,-74.00674436,40.764555,-73.973473,member
354719140158E872,electric_bike,2026-04-06 18:21:41.101,2026-04-06 18:25:32.707,Adelphi St & Myrtle Ave,4620.02,Nassau St & Navy St,4812.02,40.69308257,-73.97178913,40.69839895,-73.98068914,member
155CD23F752C8DC4,electric_bike,2026-04-07 20:44:15.231,2026-04-07 20:46:41.291,31 Ave & Crescent St,6893.10,Vernon Blvd & 31 Ave,7003.06,40.7658346,-73.9265474,40.7692475,-73.9354504,member
CD09D24C6169574D,electric_bike,2026-04-09 17:36:05.694,2026-04-09 17:42:56.894,W 51 St & Rockefeller Plaza,6700.14,W 54 St & 9 Ave,6920.05,40.75973805251143,-73.97811613976955,40.76604,-73.98737,member
0D67980353AB8803,electric_bike,2026-04-09 17:58:58.162,2026-04-09 18:03:22.077,E 53 St & Lexington Ave,6617.09,Central Park S & Grand Army Plaza,6839.15,40.75828065,-73.97069431,40.764555,-73.973473,member
D974CAD85169FFEF,electric_bike,2026-04-01 18:17:18.200,2026-04-01 18:44:35.970,Barrow St & Hudson St,5805.05,Waterbury St & Stagg St,5099.02,40.73172428,-74.00674436,40.71019,-73.93734,member
256E8E95A7A90134,electric_bike,2026-04-14 17:35:58.878,2026-04-14 17:53:58.665,W 51 St & Rockefeller Plaza,6700.14,E 13 St & 2 Ave,5820.08,40.75973805251143,-73.97811613976955,40.73153937464073,-73.9853024482727,casual
72AE541881B0960C,electric_bike,2026-04-03 19:23:28.170,2026-04-03 19:37:40.035,River Ave & E 151 St,7967.04,Melrose Ave & E 150 St,7879.01,40.822217,-73.928939,40.816827,-73.917338,casual
30050B67DF775C45,electric_bike,2026-04-02 19:08:30.087,2026-04-02 19:15:42.659,Jerome Ave & W Fordham Rd,8586.09,E Mosholu Pkwy & E 204 St,8748.02,40.86294,-73.90108,40.8740704,-73.8833650931,casual
7E46551103607138,electric_bike,2026-04-04 11:23:42.140,2026-04-04 11:40:56.220,Putnam Ave & Ralph Ave,4450.06,Waterbury St & Stagg St,5099.02,40.68705,-73.92338,40.71019,-73.93734,casual
8666BC6C5B2163DC,electric_bike,2026-04-12 22:34:49.274,2026-04-12 22:36:21.351,W 59 St & 10 Ave,7023.04,West End Ave & W 60 St,7059.08,40.770513,-73.988038,40.77237,-73.99005,member
E319235632EB648E,electric_bike,2026-04-13 22:42:44.857,2026-04-13 22:45:21.654,W 59 St & 10 Ave,7023.04,West End Ave & W 60 St,7059.08,40.770513,-73.988038,40.77237,-73.99005,member
2755C15880200C03,electric_bike,2026-04-12 14:46:45.522,2026-04-12 14:58:13.959,S 4 St & Wythe Ave,5204.05,Washington Park,4546.05,40.71285887,-73.96590294,40.6917823,-73.9737299,member
06EFF4F18679FEB4,electric_bike,2026-04-05 13:58:30.964,2026-04-05 14:01:00.703,Grove St & Broadway,4526.01,Lexington Ave & Patchen Ave,4534.06,40.69047,-73.923511,40.6904,-73.9277,member
3754403B59B0C1A5,classic_bike,2026-04-01 11:38:43.729,2026-04-01 11:44:41.388,E 17 St & Broadway,5980.10,E 13 St & 2 Ave,5820.08,40.737006,-73.990134,40.73153937464073,-73.9853024482727,member
776FD487824CDC32,classic_bike,2026-04-06 16:54:21.206,2026-04-06 17:03:36.178,State St & Smith St,4522.07,Washington Park,4546.05,40.68917,-73.9886,40.6917823,-73.9737299,member
1C24B65E29335893,classic_bike,2026-04-04 08:28:25.060,2026-04-04 10:18:21.422,8 Ave & W 49 St,6747.07,Central Park S & Grand Army Plaza,6839.15,40.76171227910671,-73.98655101656914,40.764555,-73.973473,member
E3898C0CF7687662,electric_bike,2026-04-01 23:34:58.522,2026-04-01 23:36:47.814,8 Ave & W 49 St,6747.07,W 54 St & 9 Ave,6920.05,40.76171227910671,-73.98655101656914,40.76604,-73.98737,member
C5D11EB7B1ECCE88,electric_bike,2026-04-11 12:07:09.773,2026-04-11 12:26:09.680,S 4 St & Wythe Ave,5204.05,Washington Park,4546.05,40.71285887,-73.96590294,40.6917823,-73.9737299,member
55F85EEDD7AF74DC,classic_bike,2026-04-12 13:23:18.816,2026-04-12 13:28:33.056,E 1 St & 1 Ave,5593.01,E 13 St & 2 Ave,5820.08,40.72335597960796,-73.98864984512329,40.73153937464073,-73.9853024482727,member
7849521E46F0F259,classic_bike,2026-04-06 21:35:01.191,2026-04-06 21:41:23.097,Wyckoff Ave & Jefferson St,5051.01,Waterbury St & Stagg St,5099.02,40.707165,-73.923711,40.71019,-73.93734,member
1F92801D26CF875F,electric_bike,2026-04-14 22:22:39.985,2026-04-14 22:48:41.937,E 1 St & 1 Ave,5593.01,49 Ave & 21 St,6128.04,40.72335597960796,-73.98864984512329,40.74252,-73.948852,member
1CE9E8CFFA3DE074,classic_bike,2026-04-06 11:24:26.360,2026-04-06 11:29:34.419,E 1 St & 1 Ave,5593.01,E 13 St & 2 Ave,5820.08,40.72335597960796,-73.98864984512329,40.73153937464073,-73.9853024482727,member
5AE92F4E609E069D,electric_bike,2026-04-04 15:47:56.971,2026-04-04 16:04:15.278,S 2 St & Kent Ave,5276.04,E 13 St & 2 Ave,5820.08,40.714731,-73.966612,40.73153937464073,-73.9853024482727,member
DA8C75694195CC34,classic_bike,2026-04-14 12:26:36.326,2026-04-14 12:30:47.351,E 17 St & Broadway,5980.10,E 13 St & 2 Ave,5820.08,40.737006,-73.990134,40.73153937464073,-73.9853024482727,member
65CF368FEE33C79D,classic_bike,2026-04-01 13:43:56.138,2026-04-01 13:46:29.829,8 Ave & W 49 St,6747.07,W 54 St & 9 Ave,6920.05,40.76171227910671,-73.98655101656914,40.76604,-73.98737,member
35F20FC972F55BE5,electric_bike,2026-04-10 05:18:54.790,2026-04-10 05:20:38.589,47 Ave & 104 St,6295.07,Roosevelt Ave & 104 St,6414.07,40.7458,-73.85945,40.74984,-73.86156,member
EB9128C346512A25,classic_bike,2026-04-15 11:44:55.275,2026-04-15 11:46:45.647,Grove St & Broadway,4526.01,Lexington Ave & Patchen Ave,4534.06,40.69047,-73.923511,40.6904,-73.9277,member
BE714F1859951EA6,classic_bike,2026-04-07 19:25:01.137,2026-04-07 19:30:30.769,E 17 St & Broadway,5980.10,E 13 St & 2 Ave,5820.08,40.737006,-73.990134,40.73153937464073,-73.9853024482727,member
318E4638A9CDB56B,classic_bike,2026-04-11 13:43:37.260,2026-04-11 13:58:44.327,Monroe St & Tompkins Ave,4434.06,Washington Park,4546.05,40.686203,-73.944694,40.6917823,-73.9737299,member
FA37F77332C2F25B,electric_bike,2026-04-07 09:17:57.643,2026-04-07 09:24:10.164,Onderdonk Ave & Dekalb Ave,5115.01,Willoughby Ave & Myrtle Ave,4759.02,40.70863,-73.91497,40.69757,-73.93098,member
3CC68EBD3C9B4542,electric_bike,2026-04-04 13:39:12.960,2026-04-04 13:49:53.677,S 2 St & Kent Ave,5276.04,Nassau St & Navy St,4812.02,40.714731,-73.966612,40.69839895,-73.98068914,member
047996690F7D2FC1,classic_bike,2026-04-06 21:13:24.045,2026-04-06 21:16:57.555,E 1 St & 1 Ave,5593.01,E 13 St & 2 Ave,5820.08,40.72335597960796,-73.98864984512329,40.73153937464073,-73.9853024482727,member
CD464D1BBE148DB1,electric_bike,2026-04-03 08:57:31.908,2026-04-03 09:04:05.394,Onderdonk Ave & Dekalb Ave,5115.01,Willoughby Ave & Myrtle Ave,4759.02,40.70863,-73.91497,40.69757,-73.93098,member
3B853F82B8A51509,classic_bike,2026-04-13 16:46:17.673,2026-04-13 16:50:47.027,Park Ave & Marcus Garvey Blvd,4768.02,Willoughby Ave & Myrtle Ave,4759.02,40.698617,-73.941342,40.69757,-73.93098,member
702734FC05F4E7BF,classic_bike,2026-04-10 22:15:18.574,2026-04-10 22:24:48.331,Perry St & Greenwich Ave,5955.12,E 13 St & 2 Ave,5820.08,40.735918,-74.000939,40.73153937464073,-73.9853024482727,member
0D195EDA17D49863,electric_bike,2026-04-07 10:12:29.031,2026-04-07 10:18:33.329,W 37 St & 5 Ave,6398.06,Lexington Ave & E 24 St,6089.07,40.75038009,-73.98338988,40.74025878,-73.98409214,member
1EDB9787FF91351C,classic_bike,2026-04-12 12:53:23.644,2026-04-12 13:07:04.817,DeKalb Ave & Hudson Ave,4513.06,Washington Park,4546.05,40.689888,-73.981013,40.6917823,-73.9737299,member
0C4E13EDC9E04456,electric_bike,2026-04-13 17:18:40.917,2026-04-13 17:46:22.187,W 37 St & 5 Ave,6398.06,46 St & 28 Ave,6842.02,40.75038009,-73.98338988,40.763328,-73.908782,member
16DA6D3E4D18BF1F,classic_bike,2026-04-14 14:14:37.268,2026-04-14 14:21:29.270,E 160 St & Tinton Ave,7931.05,Melrose Ave & E 150 St,7879.01,40.820302,-73.903944,40.816827,-73.917338,member
75CE6F4FE560A64B,classic_bike,2026-04-04 12:46:58.579,2026-04-04 12:58:23.294,Steinway St & 28 Ave,6915.02,Vernon Blvd & 31 Ave,7003.06,40.7656251,-73.9136695,40.7692475,-73.9354504,member
B18CBF99C58123A1,classic_bike,2026-04-10 16:50:15.392,2026-04-10 17:16:39.260,Amsterdam Ave & W 119 St,7727.07,W 54 St & 9 Ave,6920.05,40.8086249,-73.9596214,40.76604,-73.98737,casual
69D430D327476C5A,electric_bike,2026-04-09 21:26:43.662,2026-04-09 21:40:43.398,Grove St & Fresh Pond Rd,5168.04,Willoughby Ave & Myrtle Ave,4759.02,40.71032,-73.89955,40.69757,-73.93098,member
A12729796305DC37,electric_bike,2026-04-10 00:44:21.040,2026-04-10 00:56:54.082,Willoughby Ave & Myrtle Ave,4759.02,Grove St & Fresh Pond Rd,5168.04,40.69757,-73.93098,40.71032,-73.89955,member
EDFC25DB68434C73,electric_bike,2026-04-07 22:36:55.457,2026-04-07 22:43:50.784,Vernon Blvd & 31 Ave,7003.06,Vernon Blvd & 31 Ave,7003.06,40.7692475,-73.9354504,40.7692475,-73.9354504,member
1C6513BB93DD9E54,electric_bike,2026-04-07 12:00:01.167,2026-04-07 12:08:03.226,Waterbury St & Stagg St,5099.02,Waterbury St & Stagg St,5099.02,40.71019,-73.93734,40.71019,-73.93734,member
DDBF77138AAA842C,electric_bike,2026-04-15 14:09:20.266,2026-04-15 14:21:00.399,West End Ave & W 60 St,7059.08,West End Ave & W 60 St,7059.08,40.77237,-73.99005,40.77237,-73.99005,member
C707FE660D19A3BA,electric_bike,2026-04-07 12:18:13.719,2026-04-07 12:45:28.728,Lexington Ave & E 24 St,6089.07,Lexington Ave & E 24 St,6089.07,40.74025878,-73.98409214,40.74025878,-73.98409214,member
D9A3B51FDA9EC0B9,electric_bike,2026-04-11 15:52:20.175,2026-04-11 15:56:42.598,West End Ave & W 60 St,7059.08,W 54 St & 9 Ave,6920.05,40.77237,-73.99005,40.76604,-73.98737,member
754FED92563FF3FB,classic_bike,2026-04-13 00:08:38.463,2026-04-13 00:45:11.113,West End Ave & W 60 St,7059.08,West End Ave & W 60 St,7059.08,40.77237,-73.99005,40.77237,-73.99005,casual
A2EABDB450876E33,classic_bike,2026-04-13 00:08:53.338,2026-04-13 00:46:39.165,West End Ave & W 60 St,7059.08,West End Ave & W 60 St,7059.08,40.77237,-73.99005,40.77237,-73.99005,casual
C84DDABAC65BF7D4,classic_bike,2026-04-13 00:08:48.703,2026-04-13 00:45:18.577,West End Ave & W 60 St,7059.08,West End Ave & W 60 St,7059.08,40.77237,-73.99005,40.77237,-73.99005,casual
59D1C5074F2A2281,electric_bike,2026-04-15 15:17:17.537,2026-04-15 15:21:57.099,E 106 St & 1 Ave,7456.03,2 Ave & E 96 St,7338.02,40.7892529,-73.93956237,40.7839636,-73.9471673,member
D31927793AA0465C,classic_bike,2026-04-14 21:24:40.990,2026-04-14 21:30:17.932,2 Ave & E 96 St,7338.02,E 106 St & 1 Ave,7456.03,40.7839636,-73.9471673,40.7892529,-73.93956237,member
A2121D9161E8517B,electric_bike,2026-04-08 16:27:56.869,2026-04-08 16:34:01.164,Central Park S & Grand Army Plaza,6839.15,West End Ave & W 60 St,7059.08,40.764555,-73.973473,40.77237,-73.99005,member
43CF2C6C59151D23,electric_bike,2026-04-06 17:10:15.462,2026-04-06 17:31:54.590,West End Ave & W 60 St,7059.08,E 13 St & 2 Ave,5820.08,40.77237,-73.99005,40.73153937464073,-73.9853024482727,member
761CCCA3C38D3A6E,electric_bike,2026-04-07 16:20:40.353,2026-04-07 16:26:40.631,Central Park S & Grand Army Plaza,6839.15,West End Ave & W 60 St,7059.08,40.764555,-73.973473,40.77237,-73.99005,member
9AAF6702C4C09791,electric_bike,2026-04-04 15:19:58.363,2026-04-04 15:33:07.489,Ditmars Blvd & 73 St,6964.05,Ditmars Blvd & 73 St,6964.05,40.76817,-73.896293,40.76817,-73.896293,member
9ED6348879514188,electric_bike,2026-04-09 06:09:14.995,2026-04-09 06:13:07.606,E 106 St & 1 Ave,7456.03,2 Ave & E 96 St,7338.02,40.7892529,-73.93956237,40.7839636,-73.9471673,member
79D39E1DA0F59A4D,electric_bike,2026-04-02 15:52:11.738,2026-04-02 16:19:46.529,Hancock St & Stuyvesant Ave,4383.06,Hancock St & Stuyvesant Ave,4383.06,40.68454,-73.9322,40.68454,-73.9322,member
2E6C073D1570B903,classic_bike,2026-04-07 18:56:39.224,2026-04-07 19:00:47.620,West End Ave & W 60 St,7059.08,W 54 St & 9 Ave,6920.05,40.77237,-73.99005,40.76604,-73.98737,member
04D0FB5575A39B0A,electric_bike,2026-04-14 17:04:25.315,2026-04-14 17:05:33.723,Lexington Ave & E 24 St,6089.07,Lexington Ave & E 24 St,6089.07,40.74025878,-73.98409214,40.74025878,-73.98409214,member
C7AA10FBAF9333B4,electric_bike,2026-04-12 22:20:53.900,2026-04-12 22:23:57.534,E 141 St & St Ann's Ave,7722.06,Melrose Ave & E 150 St,7879.01,40.808633,-73.916124,40.816827,-73.917338,member
6DEB03F5B6C30F18,electric_bike,2026-04-14 17:46:39.378,2026-04-14 17:58:50.648,Waterbury St & Stagg St,5099.02,Knickerbocker Ave & Halsey St,4623.02,40.71019,-73.93734,40.693,-73.90824,member
E7E3A3348C6067B8,electric_bike,2026-04-01 21:31:01.146,2026-04-01 21:44:01.396,Waterbury St & Stagg St,5099.02,Knickerbocker Ave & Halsey St,4623.02,40.71019,-73.93734,40.693,-73.90824,member
A1388CFDB6EA8206,electric_bike,2026-04-07 17:13:37.939,2026-04-07 17:19:35.648,W 54 St & 9 Ave,6920.05,West End Ave & W 60 St,7059.08,40.76604,-73.98737,40.77237,-73.99005,member
DD5146BA498493DB,electric_bike,2026-04-02 17:14:40.304,2026-04-02 17:19:52.276,W 54 St & 9 Ave,6920.05,West End Ave & W 60 St,7059.08,40.76604,-73.98737,40.77237,-73.99005,member
5F46FC967E1A6181,classic_bike,2026-04-10 16:10:37.688,2026-04-10 16:29:35.855,Lexington Ave & E 24 St,6089.07,W 54 St & 9 Ave,6920.05,40.74025878,-73.98409214,40.76604,-73.98737,member
6F5C7A3CA5E4B306,electric_bike,2026-04-14 13:44:54.255,2026-04-14 14:04:24.539,Central Park S & Grand Army Plaza,6839.15,Central Park S & Grand Army Plaza,6839.15,40.764555,-73.973473,40.764555,-73.973473,casual
2AD5907EFE186394,classic_bike,2026-04-08 08:28:09.940,2026-04-08 08:29:38.147,Lexington Ave & Patchen Ave,4534.06,Lexington Ave & Patchen Ave,4534.06,40.6904,-73.9277,40.6904,-73.9277,member
C17565948888C906,classic_bike,2026-04-02 13:10:58.527,2026-04-02 13:27:52.887,Lexington Ave & E 24 St,6089.07,Lexington Ave & E 24 St,6089.07,40.74025878,-73.98409214,40.74025878,-73.98409214,member
E3DB39480ACD6987,classic_bike,2026-04-09 11:49:51.017,2026-04-09 11:54:56.183,W 54 St & 9 Ave,6920.05,West End Ave & W 60 St,7059.08,40.76604,-73.98737,40.77237,-73.99005,member
B5D8578A8CB7F390,classic_bike,2026-04-09 18:38:00.071,2026-04-09 18:39:14.140,Lexington Ave & Patchen Ave,4534.06,Lexington Ave & Patchen Ave,4534.06,40.6904,-73.9277,40.6904,-73.9277,member
116314103366BE79,classic_bike,2026-04-05 11:20:16.157,2026-04-05 11:23:56.713,Central Park S & Grand Army Plaza,6839.15,Central Park S & Grand Army Plaza,6839.15,40.764555,-73.973473,40.764555,-73.973473,member
A43BCCE5615D0155,electric_bike,2026-04-07 00:13:13.031,2026-04-07 01:09:39.366,West End Ave & W 60 St,7059.08,West End Ave & W 60 St,7059.08,40.77237,-73.99005,40.77237,-73.99005,casual
A6500B4F53A83BDC,electric_bike,2026-04-07 00:13:57.157,2026-04-07 01:09:34.525,West End Ave & W 60 St,7059.08,West End Ave & W 60 St,7059.08,40.77237,-73.99005,40.77237,-73.99005,casual
585148861287A933,electric_bike,2026-04-09 16:22:45.357,2026-04-09 16:33:52.365,Bergen St & Buffalo Ave,4072.02,Bergen St & Buffalo Ave,4072.02,40.6747,-73.92512,40.6747,-73.92512,member
4E44AE410C1F1A62,classic_bike,2026-04-02 16:28:19.370,2026-04-02 16:29:30.962,Lexington Ave & Patchen Ave,4534.06,Lexington Ave & Patchen Ave,4534.06,40.6904,-73.9277,40.6904,-73.9277,member
DCEBAB3C1483107D,electric_bike,2026-04-01 19:28:52.366,2026-04-01 19:48:43.940,E 13 St & 2 Ave,5820.08,W 54 St & 9 Ave,6920.05,40.73153937464073,-73.9853024482727,40.76604,-73.98737,member
D856F6E81B713707,electric_bike,2026-04-14 09:23:40.997,2026-04-14 09:30:57.190,Central Park S & Grand Army Plaza,6839.15,W 54 St & 9 Ave,6920.05,40.764555,-73.973473,40.76604,-73.98737,member
B86145653010D9A1,classic_bike,2026-04-03 09:08:21.349,2026-04-03 09:09:24.702,Lexington Ave & Patchen Ave,4534.06,Lexington Ave & Patchen Ave,4534.06,40.6904,-73.9277,40.6904,-73.9277,member
1E3B65B8AD2B5BB5,electric_bike,2026-04-10 08:50:18.708,2026-04-10 08:55:04.322,E 106 St & 1 Ave,7456.03,2 Ave & E 96 St,7338.02,40.7892529,-73.93956237,40.7839636,-73.9471673,member
407BAA418E738619,classic_bike,2026-04-15 13:04:57.355,2026-04-15 13:39:35.372,Sedgwick Ave & W 195 St,8692.04,Sedgwick Ave & W 195 St,8692.04,40.87049,-73.90287,40.87049,-73.90287,member
F9D300EE056BC2AC,classic_bike,2026-04-14 23:11:56.389,2026-04-14 23:23:55.482,Sedgwick Ave & W 195 St,8692.04,Sedgwick Ave & W 195 St,8692.04,40.87049,-73.90287,40.87049,-73.90287,member
9B75CA0779A2A255,electric_bike,2026-04-07 19:38:29.738,2026-04-07 19:45:32.675,2 Ave & E 96 St,7338.02,E 106 St & 1 Ave,7456.03,40.7839636,-73.9471673,40.7892529,-73.93956237,member
87F0A75C01FCD964,electric_bike,2026-04-04 17:07:05.514,2026-04-04 17:11:29.191,Lexington Ave & E 24 St,6089.07,E 13 St & 2 Ave,5820.08,40.74025878,-73.98409214,40.73153937464073,-73.9853024482727,member
C978B19148186EB5,classic_bike,2026-04-07 16:00:04.781,2026-04-07 16:39:46.311,Washington Park,4546.05,Washington Park,4546.05,40.6917823,-73.9737299,40.6917823,-73.9737299,casual
A791FA2DFE16D414,classic_bike,2026-04-10 09:52:20.861,2026-04-10 09:57:13.133,Central Park S & Grand Army Plaza,6839.15,Central Park S & Grand Army Plaza,6839.15,40.764555,-73.973473,40.764555,-73.973473,casual
BED513ADD9EF4792,electric_bike,2026-04-13 10:51:21.045,2026-04-13 11:03:24.336,Knickerbocker Ave & Halsey St,4623.02,Knickerbocker Ave & Halsey St,4623.02,40.693,-73.90824,40.693,-73.90824,member
0EC7B119E86AC78C,classic_bike,2026-04-10 12:39:06.022,2026-04-10 13:06:35.045,West End Ave & W 60 St,7059.08,West End Ave & W 60 St,7059.08,40.77237,-73.99005,40.77237,-73.99005,member
477269F91BB7C0A7,classic_bike,2026-04-15 08:05:33.650,2026-04-15 08:09:51.675,E 106 St & 1 Ave,7456.03,2 Ave & E 96 St,7338.02,40.7892529,-73.93956237,40.7839636,-73.9471673,member
D0A7CD97CD20B39D,electric_bike,2026-04-03 23:37:39.667,2026-04-03 23:47:05.820,Lexington Ave & Patchen Ave,4534.06,Lexington Ave & Patchen Ave,4534.06,40.6904,-73.9277,40.6904,-73.9277,member
51D0468F2FE7AC5F,electric_bike,2026-04-06 17:36:07.417,2026-04-06 18:03:12.319,E 106 St & 1 Ave,7456.03,E 106 St & 1 Ave,7456.03,40.7892529,-73.93956237,40.7892529,-73.93956237,member
FFA51FDDB55D307D,electric_bike,2026-04-06 18:15:12.718,2026-04-06 18:35:11.947,E 106 St & 1 Ave,7456.03,E 106 St & 1 Ave,7456.03,40.7892529,-73.93956237,40.7892529,-73.93956237,member
299099C8C0C31D38,electric_bike,2026-04-15 14:54:05.091,2026-04-15 15:07:05.647,Melrose Ave & E 150 St,7879.01,Melrose Ave & E 150 St,7879.01,40.816827,-73.917338,40.816827,-73.917338,member
27A2F8B2EC3D08AC,electric_bike,2026-04-12 20:42:56.049,2026-04-12 20:51:51.443,W 54 St & 9 Ave,6920.05,W 54 St & 9 Ave,6920.05,40.76604,-73.98737,40.76604,-73.98737,member
79576B78E6374170,electric_bike,2026-04-02 12:50:59.938,2026-04-02 12:59:20.987,Vernon Blvd & 31 Ave,7003.06,31 St & Northern Blvd,6495.17,40.7692475,-73.9354504,40.75186951421875,-73.93349289894103,member
F367C2CDF07EABDC,electric_bike,2026-04-10 22:00:08.495,2026-04-10 22:05:25.103,E 106 St & 1 Ave,7456.03,2 Ave & E 96 St,7338.02,40.7892529,-73.93956237,40.7839636,-73.9471673,member
13F35C480C982BFD,electric_bike,2026-04-03 14:06:37.313,2026-04-03 14:17:16.622,31 St & Northern Blvd,6495.17,Vernon Blvd & 31 Ave,7003.06,40.75186951421875,-73.93349289894103,40.7692475,-73.9354504,member
BF9B58CD7B701084,electric_bike,2026-04-06 13:16:03.553,2026-04-06 13:23:54.386,31 St & Northern Blvd,6495.17,Vernon Blvd & 31 Ave,7003.06,40.75186951421875,-73.93349289894103,40.7692475,-73.9354504,member
9BF17CC2656FA59D,electric_bike,2026-04-09 20:53:51.317,2026-04-09 21:01:29.910,Central Park S & Grand Army Plaza,6839.15,West End Ave & W 60 St,7059.08,40.764555,-73.973473,40.77237,-73.99005,member
E9FEBCD9289947BC,electric_bike,2026-04-11 10:05:40.984,2026-04-11 10:14:24.272,Vernon Blvd & 31 Ave,7003.06,31 St & Northern Blvd,6495.17,40.7692475,-73.9354504,40.75186951421875,-73.93349289894103,member
DE14FACF3BD9E858,electric_bike,2026-04-03 22:40:36.837,2026-04-03 22:43:06.406,Washington Park,4546.05,Washington Park,4546.05,40.6917823,-73.9737299,40.6917823,-73.9737299,member
F95B3E6C236BC9DE,electric_bike,2026-04-09 13:32:44.747,2026-04-09 13:37:36.663,Kent St & McGuinness Blvd,5785.10,49 Ave & 21 St,6128.04,40.73124,-73.95161,40.74252,-73.948852,member
53A54FABB2D82AE5,classic_bike,2026-04-14 18:16:15.536,2026-04-14 18:23:18.858,Lexington Ave & E 24 St,6089.07,E 13 St & 2 Ave,5820.08,40.74025878,-73.98409214,40.73153937464073,-73.9853024482727,member
4728084A8C3E0135,electric_bike,2026-04-01 16:19:19.277,2026-04-01 16:26:37.879,Central Park S & Grand Army Plaza,6839.15,West End Ave & W 60 St,7059.08,40.764555,-73.973473,40.77237,-73.99005,member
D61A65E42A3DA331,classic_bike,2026-04-09 13:33:25.907,2026-04-09 14:01:00.932,West End Ave & W 60 St,7059.08,West End Ave & W 60 St,7059.08,40.77237,-73.99005,40.77237,-73.99005,member
BF3347BB01711274,electric_bike,2026-04-06 16:14:34.590,2026-04-06 16:44:14.621,West End Ave & W 60 St,7059.08,West End Ave & W 60 St,7059.08,40.77237,-73.99005,40.77237,-73.99005,member
6BDAEDCCC5ABBF38,classic_bike,2026-04-06 07:21:36.873,2026-04-06 07:53:49.405,West End Ave & W 60 St,7059.08,West End Ave & W 60 St,7059.08,40.77237,-73.99005,40.77237,-73.99005,member
ED831D01D5FBFE99,electric_bike,2026-04-08 15:04:54.395,2026-04-08 15:19:03.257,E 13 St & 2 Ave,5820.08,E 13 St & 2 Ave,5820.08,40.73153937464073,-73.9853024482727,40.73153937464073,-73.9853024482727,member
329D5E0BCB980915,electric_bike,2026-04-03 22:19:28.894,2026-04-03 22:37:03.256,31 St & Northern Blvd,6495.17,31 St & Northern Blvd,6495.17,40.75186951421875,-73.93349289894103,40.75186951421875,-73.93349289894103,member
03B8C66FDD532406,electric_bike,2026-04-02 19:42:56.892,2026-04-02 19:46:45.449,2 Ave & E 96 St,7338.02,E 106 St & 1 Ave,7456.03,40.7839636,-73.9471673,40.7892529,-73.93956237,member
8F9DA68372BE9E10,electric_bike,2026-04-10 03:04:19.900,2026-04-10 03:07:20.085,2 Ave & E 96 St,7338.02,E 106 St & 1 Ave,7456.03,40.7839636,-73.9471673,40.7892529,-73.93956237,member
E805D123048BC199,electric_bike,2026-04-04 16:29:40.354,2026-04-04 16:39:03.296,Fulton Ave & E 172 St,8186.01,Melrose Ave & E 150 St,7879.01,40.839229,-73.899047,40.816827,-73.917338,member
B5C0EA8B7492C7C6,electric_bike,2026-04-08 20:38:47.912,2026-04-08 23:47:15.302,E 106 St & 1 Ave,7456.03,E 106 St & 1 Ave,7456.03,40.7892529,-73.93956237,40.7892529,-73.93956237,member
9322D15EFE733F79,electric_bike,2026-04-05 10:21:53.117,2026-04-05 10:25:00.059,West End Ave & W 60 St,7059.08,West End Ave & W 60 St,7059.08,40.77237,-73.99005,40.77237,-73.99005,member
25FAECCE3CBF3973,electric_bike,2026-04-09 19:51:39.583,2026-04-09 19:52:43.108,Bergen Ave & E 152 St,7858.02,Bergen Ave & E 152 St,7858.02,40.817166,-73.914737,40.817166,-73.914737,member
6EC2FF39D61FE9F6,classic_bike,2026-04-13 07:25:48.768,2026-04-13 07:53:08.156,West End Ave & W 60 St,7059.08,West End Ave & W 60 St,7059.08,40.77237,-73.99005,40.77237,-73.99005,member
59A0622D2B941DE0,electric_bike,2026-04-11 16:27:44.890,2026-04-11 16:30:03.133,Melrose Ave & E 150 St,7879.01,Melrose Ave & E 150 St,7879.01,40.816827,-73.917338,40.816827,-73.917338,member
73338D973D0A015C,electric_bike,2026-04-01 14:40:04.976,2026-04-01 14:47:29.030,Central Park S & Grand Army Plaza,6839.15,West End Ave & W 60 St,7059.08,40.764555,-73.973473,40.77237,-73.99005,member
917785DFB352BBC4,electric_bike,2026-04-08 17:11:01.273,2026-04-08 17:16:46.559,Central Park S & Grand Army Plaza,6839.15,W 54 St & 9 Ave,6920.05,40.764555,-73.973473,40.76604,-73.98737,member
142538233AE56B51,electric_bike,2026-04-14 11:57:41.261,2026-04-14 12:23:45.482,West End Ave & W 60 St,7059.08,West End Ave & W 60 St,7059.08,40.77237,-73.99005,40.77237,-73.99005,member
8CAB83074616B8E8,electric_bike,2026-04-10 09:10:44.353,2026-04-10 09:17:41.165,West End Ave & W 60 St,7059.08,Central Park S & Grand Army Plaza,6839.15,40.77237,-73.99005,40.764555,-73.973473,member
E094056A133DDC37,electric_bike,2026-04-05 20:45:02.854,2026-04-05 20:57:04.688,Lexington Ave & Patchen Ave,4534.06,Waterbury St & Stagg St,5099.02,40.6904,-73.9277,40.71019,-73.93734,member
17E6A550FC4D1BB1,classic_bike,2026-04-11 09:24:35.571,2026-04-11 09:48:50.752,Vernon Blvd & 31 Ave,7003.06,Vernon Blvd & 31 Ave,7003.06,40.7692475,-73.9354504,40.7692475,-73.9354504,member
4703827235204EF2,classic_bike,2026-04-15 18:03:04.957,2026-04-15 18:09:26.107,Melrose Ave & E 150 St,7879.01,Concourse Village West & E 156 St,7962.01,40.816827,-73.917338,40.823162,-73.923267,member
ECD154E41A2243D6,electric_bike,2026-04-07 12:04:13.833,2026-04-07 16:44:25.256,Central Park S & Grand Army Plaza,6839.15,Central Park S & Grand Army Plaza,6839.15,40.764555,-73.973473,40.764555,-73.973473,casual
E4E0C52A061828A2,electric_bike,2026-04-07 12:03:33.039,2026-04-07 16:44:22.635,Central Park S & Grand Army Plaza,6839.15,Central Park S & Grand Army Plaza,6839.15,40.764555,-73.973473,40.764555,-73.973473,casual
8735E9D94962F36D,electric_bike,2026-04-14 14:18:49.887,2026-04-14 14:22:04.905,2 Ave & E 96 St,7338.02,2 Ave & E 96 St,7338.02,40.7839636,-73.9471673,40.7839636,-73.9471673,member
25EBB35D41F6669A,classic_bike,2026-04-04 10:33:37.365,2026-04-04 12:58:28.844,Vernon Blvd & 31 Ave,7003.06,Vernon Blvd & 31 Ave,7003.06,40.7692475,-73.9354504,40.7692475,-73.9354504,casual
51E85728B91048C2,electric_bike,2026-04-03 23:28:36.101,2026-04-03 23:51:34.511,Willoughby Ave & Myrtle Ave,4759.02,Willoughby Ave & Myrtle Ave,4759.02,40.69757,-73.93098,40.69757,-73.93098,member
5B064A6B77AFAEF1,electric_bike,2026-04-01 16:18:27.993,2026-04-01 16:36:54.362,2 Ave & E 96 St,7338.02,Bergen Ave & E 152 St,7858.02,40.7839636,-73.9471673,40.817166,-73.914737,member
3E97F3F0D8A00297,electric_bike,2026-04-08 12:07:26.234,2026-04-08 12:32:14.397,65 St & Otto Rd,4977.03,Kent St & McGuinness Blvd,5785.10,40.70389,-73.89116,40.73124,-73.95161,member
B23D8C3472DD4CD3,electric_bike,2026-04-12 14:58:53.648,2026-04-12 15:25:20.585,E 13 St & 2 Ave,5820.08,E 13 St & 2 Ave,5820.08,40.73153937464073,-73.9853024482727,40.73153937464073,-73.9853024482727,member
6AB0E1345659C388,electric_bike,2026-04-11 14:11:13.638,2026-04-11 14:24:11.526,Washington Park,4546.05,Willoughby Ave & Myrtle Ave,4759.02,40.6917823,-73.9737299,40.69757,-73.93098,member
295CA4A5CA3ED74B,classic_bike,2026-04-02 07:44:04.846,2026-04-02 07:48:36.354,E 106 St & 1 Ave,7456.03,2 Ave & E 96 St,7338.02,40.7892529,-73.93956237,40.7839636,-73.9471673,member
E997884F5A8ECEF7,classic_bike,2026-04-02 17:57:02.671,2026-04-02 18:01:36.205,2 Ave & E 96 St,7338.02,E 106 St & 1 Ave,7456.03,40.7839636,-73.9471673,40.7892529,-73.93956237,member
5DE474B170408D9D,electric_bike,2026-04-03 08:04:33.025,2026-04-03 08:15:53.608,31 St & Ditmars Blvd,7144.02,31 St & Ditmars Blvd,7144.02,40.776168,-73.910485,40.776168,-73.910485,member
626FCAF7E4649A0A,classic_bike,2026-04-15 06:48:19.459,2026-04-15 06:54:22.099,Lexington Ave & E 24 St,6089.07,E 13 St & 2 Ave,5820.08,40.74025878,-73.98409214,40.73153937464073,-73.9853024482727,member
07BD40B448AF5475,classic_bike,2026-04-15 16:37:46.276,2026-04-15 16:39:04.132,Central Park S & Grand Army Plaza,6839.15,Central Park S & Grand Army Plaza,6839.15,40.764555,-73.973473,40.764555,-73.973473,member
69E05E06518BE213,electric_bike,2026-04-15 14:43:09.121,2026-04-15 14:44:43.028,Lexington Ave & E 24 St,6089.07,Lexington Ave & E 24 St,6089.07,40.74025878,-73.98409214,40.74025878,-73.98409214,member
51E481B84E36D466,classic_bike,2026-04-02 17:47:18.556,2026-04-02 17:48:28.885,49 Ave & 21 St,6128.04,49 Ave & 21 St,6128.04,40.74252,-73.948852,40.74252,-73.948852,member
C1393BF57E01ECC7,classic_bike,2026-04-02 01:53:53.841,2026-04-02 01:55:31.962,49 Ave & 21 St,6128.04,49 Ave & 21 St,6128.04,40.74252,-73.948852,40.74252,-73.948852,member
9B7AB99D2207DCF3,classic_bike,2026-04-11 14:42:33.583,2026-04-11 14:45:26.596,E 13 St & 2 Ave,5820.08,E 13 St & 2 Ave,5820.08,40.73153937464073,-73.9853024482727,40.73153937464073,-73.9853024482727,member
21FA48684E6EEEF3,electric_bike,2026-04-15 07:56:04.970,2026-04-15 08:04:20.441,E 141 St & St Ann's Ave,7722.06,Melrose Ave & E 150 St,7879.01,40.808633,-73.916124,40.816827,-73.917338,member
60739E011F61C003,classic_bike,2026-04-11 16:01:10.455,2026-04-11 16:02:36.796,Central Park S & Grand Army Plaza,6839.15,Central Park S & Grand Army Plaza,6839.15,40.764555,-73.973473,40.764555,-73.973473,member
E885A7F177C8D41A,electric_bike,2026-04-14 21:05:49.890,2026-04-14 21:08:03.199,Central Park S & Grand Army Plaza,6839.15,Central Park S & Grand Army Plaza,6839.15,40.764555,-73.973473,40.764555,-73.973473,member
5F760F06B0A40C55,electric_bike,2026-04-11 15:38:03.529,2026-04-11 15:42:01.437,2 Ave & E 96 St,7338.02,E 106 St & 1 Ave,7456.03,40.7839636,-73.9471673,40.7892529,-73.93956237,member
C36E3CB735C2D8B1,electric_bike,2026-04-08 08:38:47.642,2026-04-08 08:44:27.057,Central Park S & Grand Army Plaza,6839.15,West End Ave & W 60 St,7059.08,40.764555,-73.973473,40.77237,-73.99005,member
1CC383C60AD5DDD8,electric_bike,2026-04-15 14:36:57.529,2026-04-15 14:41:11.907,Melrose Ave & E 150 St,7879.01,Concourse Village West & E 156 St,7962.01,40.816827,-73.917338,40.823162,-73.923267,member
3F72C08DED4BC904,electric_bike,2026-04-06 14:57:23.826,2026-04-06 15:01:37.416,2 Ave & E 96 St,7338.02,E 106 St & 1 Ave,7456.03,40.7839636,-73.9471673,40.7892529,-73.93956237,member
0F54DFA1112C5CA1,classic_bike,2026-04-03 08:23:46.182,2026-04-03 08:27:53.269,E 106 St & 1 Ave,7456.03,2 Ave & E 96 St,7338.02,40.7892529,-73.93956237,40.7839636,-73.9471673,member
FA25C0C870649B8D,classic_bike,2026-04-03 17:44:20.349,2026-04-03 17:48:42.403,2 Ave & E 96 St,7338.02,E 106 St & 1 Ave,7456.03,40.7839636,-73.9471673,40.7892529,-73.93956237,member
53631BB45CBBCD3D,electric_bike,2026-04-09 18:57:33.075,2026-04-09 19:05:32.649,Knickerbocker Ave & Halsey St,4623.02,Hancock St & Stuyvesant Ave,4383.06,40.693,-73.90824,40.68454,-73.9322,member
3806E496A96E1441,electric_bike,2026-04-09 19:29:41.776,2026-04-09 19:37:35.440,Hancock St & Stuyvesant Ave,4383.06,Knickerbocker Ave & Halsey St,4623.02,40.68454,-73.9322,40.693,-73.90824,member
DF53AD624E1A5693,electric_bike,2026-04-11 19:20:10.308,2026-04-11 19:22:41.956,E 13 St & 2 Ave,5820.08,E 13 St & 2 Ave,5820.08,40.73153937464073,-73.9853024482727,40.73153937464073,-73.9853024482727,member
A27A34249C4D65F4,electric_bike,2026-04-10 22:49:37.903,2026-04-10 22:51:45.729,E 106 St & 1 Ave,7456.03,E 106 St & 1 Ave,7456.03,40.7892529,-73.93956237,40.7892529,-73.93956237,member
F87ACFACDC583BD9,classic_bike,2026-04-13 07:46:08.091,2026-04-13 07:50:10.780,E 106 St & 1 Ave,7456.03,2 Ave & E 96 St,7338.02,40.7892529,-73.93956237,40.7839636,-73.9471673,member
009BBCA38F9CF01F,classic_bike,2026-04-13 18:32:13.217,2026-04-13 18:36:55.588,2 Ave & E 96 St,7338.02,E 106 St & 1 Ave,7456.03,40.7839636,-73.9471673,40.7892529,-73.93956237,member
2A76EC7948E49A80,classic_bike,2026-04-06 15:09:17.416,2026-04-06 15:40:59.400,Vernon Blvd & 31 Ave,7003.06,Vernon Blvd & 31 Ave,7003.06,40.7692475,-73.9354504,40.7692475,-73.9354504,member
76E65AFFCEC18A7D,electric_bike,2026-04-02 14:51:55.129,2026-04-02 14:56:16.734,E 106 St & 1 Ave,7456.03,2 Ave & E 96 St,7338.02,40.7892529,-73.93956237,40.7839636,-73.9471673,member
CE64DB15A5B11B15,electric_bike,2026-04-03 20:27:39.690,2026-04-03 20:42:29.461,Lexington Ave & Patchen Ave,4534.06,Stephen St & Seneca Ave,4798.10,40.6904,-73.9277,40.6988,-73.9007,member
97CDD0E12806B97D,classic_bike,2026-04-12 20:11:58.587,2026-04-12 20:12:59.508,W 54 St & 9 Ave,6920.05,W 54 St & 9 Ave,6920.05,40.76604,-73.98737,40.76604,-73.98737,member
C5719311556F3795,electric_bike,2026-04-04 21:51:53.467,2026-04-04 22:50:56.481,Concourse Village West & E 156 St,7962.01,Concourse Village West & E 156 St,7962.01,40.823162,-73.923267,40.823162,-73.923267,member
93FC787B5F8A0B18,electric_bike,2026-04-11 18:59:58.057,2026-04-11 19:04:17.547,West End Ave & W 60 St,7059.08,W 54 St & 9 Ave,6920.05,40.77237,-73.99005,40.76604,-73.98737,member
2F0DE5D0CCA65D75,classic_bike,2026-04-12 17:19:41.987,2026-04-12 17:21:53.510,2 Ave & E 96 St,7338.02,2 Ave & E 96 St,7338.02,40.7839636,-73.9471673,40.7839636,-73.9471673,casual
70521CCC43D19868,classic_bike,2026-04-07 18:37:38.415,2026-04-07 18:58:50.182,E 13 St & 2 Ave,5820.08,E 13 St & 2 Ave,5820.08,40.73153937464073,-73.9853024482727,40.73153937464073,-73.9853024482727,member
4051A06216C41E2E,electric_bike,2026-04-10 06:13:05.087,2026-04-10 06:33:45.373,Melrose Ave & E 150 St,7879.01,Melrose Ave & E 150 St,7879.01,40.816827,-73.917338,40.816827,-73.917338,member
7C6CE77DC37A6E23,electric_bike,2026-04-01 17:32:29.245,2026-04-01 17:38:06.060,49 Ave & 21 St,6128.04,Kent St & McGuinness Blvd,5785.10,40.74252,-73.948852,40.73124,-73.95161,member
9C33BB994CBE764A,electric_bike,2026-04-09 04:07:16.881,2026-04-09 04:17:11.210,Fulton Ave & E 172 St,8186.01,Melrose Ave & E 150 St,7879.01,40.839229,-73.899047,40.816827,-73.917338,member
3529F485D06371A6,electric_bike,2026-04-11 18:18:11.505,2026-04-11 18:29:53.466,Melrose Ave & E 150 St,7879.01,Fulton Ave & E 172 St,8186.01,40.816827,-73.917338,40.839229,-73.899047,member
EEA46689AEBD7B56,electric_bike,2026-04-11 05:26:46.836,2026-04-11 05:38:24.888,Fulton Ave & E 172 St,8186.01,Melrose Ave & E 150 St,7879.01,40.839229,-73.899047,40.816827,-73.917338,member
3219F6EE40E40EF8,electric_bike,2026-04-01 18:33:15.444,2026-04-01 18:38:13.884,E 141 St & St Ann's Ave,7722.06,Bergen Ave & E 152 St,7858.02,40.808633,-73.916124,40.817166,-73.914737,member
6BF6F6232161E912,electric_bike,2026-04-13 13:37:37.390,2026-04-13 13:38:50.134,Central Park S & Grand Army Plaza,6839.15,Central Park S & Grand Army Plaza,6839.15,40.764555,-73.973473,40.764555,-73.973473,member
66E98C9E194CEDD8,classic_bike,2026-04-11 18:10:46.076,2026-04-11 18:21:15.000,49 Ave & 21 St,6128.04,Kent St & McGuinness Blvd,5785.10,40.74252,-73.948852,40.73124,-73.95161,member
A38DB5D0D2E0787E,electric_bike,2026-04-11 11:12:10.434,2026-04-11 11:17:31.813,Central Park S & Grand Army Plaza,6839.15,West End Ave & W 60 St,7059.08,40.764555,-73.973473,40.77237,-73.99005,member
A225FB61FED96069,classic_bike,2026-04-01 07:39:31.091,2026-04-01 08:24:10.449,West End Ave & W 60 St,7059.08,West End Ave & W 60 St,7059.08,40.77237,-73.99005,40.77237,-73.99005,member
F24150ECDF7A379C,electric_bike,2026-04-02 22:11:53.470,2026-04-02 22:37:52.452,Concourse Village West & E 156 St,7962.01,Concourse Village West & E 156 St,7962.01,40.823162,-73.923267,40.823162,-73.923267,member
32CC314AADF35F4F,electric_bike,2026-04-06 10:27:38.069,2026-04-06 10:42:35.019,Concourse Village West & E 156 St,7962.01,Concourse Village West & E 156 St,7962.01,40.823162,-73.923267,40.823162,-73.923267,member
EF40452E85B8C497,electric_bike,2026-04-06 14:38:46.594,2026-04-06 14:53:02.940,49 Ave & 21 St,6128.04,Central Park S & Grand Army Plaza,6839.15,40.74252,-73.948852,40.764555,-73.973473,member
E2B050E8846E5244,electric_bike,2026-04-04 12:21:22.924,2026-04-04 12:22:33.619,Washington Park,4546.05,Washington Park,4546.05,40.6917823,-73.9737299,40.6917823,-73.9737299,member
9C3F45678464C92A,electric_bike,2026-04-09 14:34:46.821,2026-04-09 14:47:36.673,49 Ave & 21 St,6128.04,Central Park S & Grand Army Plaza,6839.15,40.74252,-73.948852,40.764555,-73.973473,member
5768AB1EEC49A1D7,classic_bike,2026-04-10 16:42:47.630,2026-04-10 17:15:23.212,West End Ave & W 60 St,7059.08,West End Ave & W 60 St,7059.08,40.77237,-73.99005,40.77237,-73.99005,member
B6EF2B1D3E811207,classic_bike,2026-04-10 17:15:45.775,2026-04-10 17:56:54.732,West End Ave & W 60 St,7059.08,West End Ave & W 60 St,7059.08,40.77237,-73.99005,40.77237,-73.99005,member
6F4404CCB7EB317D,electric_bike,2026-04-14 10:37:58.787,2026-04-14 11:33:39.158,Central Park S & Grand Army Plaza,6839.15,Central Park S & Grand Army Plaza,6839.15,40.764555,-73.973473,40.764555,-73.973473,member
4FF2DF8D9F7232FA,electric_bike,2026-04-05 17:27:52.547,2026-04-05 18:25:22.354,W 54 St & 9 Ave,6920.05,W 54 St & 9 Ave,6920.05,40.76604,-73.98737,40.76604,-73.98737,member
53AF657482993EB2,electric_bike,2026-04-06 14:03:08.279,2026-04-06 14:16:55.465,49 Ave & 21 St,6128.04,49 Ave & 21 St,6128.04,40.74252,-73.948852,40.74252,-73.948852,member
538842FF25A42CCD,classic_bike,2026-04-06 14:38:57.729,2026-04-06 14:47:34.286,Central Park S & Grand Army Plaza,6839.15,Central Park S & Grand Army Plaza,6839.15,40.764555,-73.973473,40.764555,-73.973473,member
1B9A775029A66F5E,classic_bike,2026-04-08 20:12:45.748,2026-04-08 20:21:46.378,E 106 St & 1 Ave,7456.03,2 Ave & E 96 St,7338.02,40.7892529,-73.93956237,40.7839636,-73.9471673,member
1D98C364436F7916,classic_bike,2026-04-10 12:15:36.187,2026-04-10 12:41:35.608,E 106 St & 1 Ave,7456.03,E 106 St & 1 Ave,7456.03,40.7892529,-73.93956237,40.7892529,-73.93956237,member
6FFFC5485549B24F,electric_bike,2026-04-10 13:31:26.217,2026-04-10 14:02:27.681,Central Park S & Grand Army Plaza,6839.15,Central Park S & Grand Army Plaza,6839.15,40.764555,-73.973473,40.764555,-73.973473,member
00F3AEA51516FACD,electric_bike,2026-04-09 22:20:03.694,2026-04-09 22:25:20.573,49 Ave & 21 St,6128.04,Kent St & McGuinness Blvd,5785.10,40.74252,-73.948852,40.73124,-73.95161,member
B2AF70DA86972897,electric_bike,2026-04-03 12:24:41.846,2026-04-03 12:45:50.235,31 St & Ditmars Blvd,7144.02,31 St & Ditmars Blvd,7144.02,40.776168,-73.910485,40.776168,-73.910485,member
C5E06659DF837AE9,classic_bike,2026-04-11 05:08:34.603,2026-04-11 05:29:48.672,Nassau St & Navy St,4812.02,Nassau St & Navy St,4812.02,40.69839895,-73.98068914,40.69839895,-73.98068914,member
FE9E171F690D3531,classic_bike,2026-04-02 13:40:53.572,2026-04-02 13:51:54.515,West End Ave & W 60 St,7059.08,West End Ave & W 60 St,7059.08,40.77237,-73.99005,40.77237,-73.99005,casual
A1A4E6EBB6299567,classic_bike,2026-04-02 13:24:33.247,2026-04-02 13:40:17.918,West End Ave & W 60 St,7059.08,West End Ave & W 60 St,7059.08,40.77237,-73.99005,40.77237,-73.99005,casual
BF9C65BD8ED62988,electric_bike,2026-04-10 19:02:54.932,2026-04-10 19:38:45.275,West End Ave & W 60 St,7059.08,West End Ave & W 60 St,7059.08,40.77237,-73.99005,40.77237,-73.99005,member
21B47892ED20D281,electric_bike,2026-04-06 11:38:02.670,2026-04-06 11:44:32.584,Central Park S & Grand Army Plaza,6839.15,West End Ave & W 60 St,7059.08,40.764555,-73.973473,40.77237,-73.99005,member
5B3472394885F128,classic_bike,2026-04-15 19:50:51.840,2026-04-15 20:11:44.709,31 St & Northern Blvd,6495.17,31 St & Northern Blvd,6495.17,40.75186951421875,-73.93349289894103,40.75186951421875,-73.93349289894103,member
BC27848161FB580E,electric_bike,2026-04-11 03:23:57.657,2026-04-11 03:31:25.967,West End Ave & W 60 St,7059.08,West End Ave & W 60 St,7059.08,40.77237,-73.99005,40.77237,-73.99005,member
60983BD7ECDBA41E,electric_bike,2026-04-01 18:03:51.517,2026-04-01 18:05:56.467,31 St & Ditmars Blvd,7144.02,31 St & Ditmars Blvd,7144.02,40.776168,-73.910485,40.776168,-73.910485,member
8FDCAE2BF6581C2F,electric_bike,2026-04-14 16:55:59.881,2026-04-14 17:03:45.051,E 13 St & 2 Ave,5820.08,E 13 St & 2 Ave,5820.08,40.73153937464073,-73.9853024482727,40.73153937464073,-73.9853024482727,member
900661F72C5041B9,electric_bike,2026-04-01 14:07:25.515,2026-04-01 14:10:54.145,Waterbury St & Stagg St,5099.02,Waterbury St & Stagg St,5099.02,40.71019,-73.93734,40.71019,-73.93734,member
6DEDF72F98950E9F,electric_bike,2026-04-01 20:23:43.195,2026-04-01 20:25:01.057,Melrose Ave & E 150 St,7879.01,Bergen Ave & E 152 St,7858.02,40.816827,-73.917338,40.817166,-73.914737,member
803B9D7FE4593CBA,electric_bike,2026-04-03 12:39:20.047,2026-04-03 12:43:49.008,46 St & 28 Ave,6842.02,46 St & 28 Ave,6842.02,40.763328,-73.908782,40.763328,-73.908782,member
34EAFF92D6617F12,electric_bike,2026-04-11 14:09:35.765,2026-04-11 14:15:36.503,Kent St & McGuinness Blvd,5785.10,49 Ave & 21 St,6128.04,40.73124,-73.95161,40.74252,-73.948852,member
F678ADC246553AEF,electric_bike,2026-04-12 14:58:03.281,2026-04-12 15:03:14.251,West End Ave & W 60 St,7059.08,W 54 St & 9 Ave,6920.05,40.77237,-73.99005,40.76604,-73.98737,member
D825660F3FFAA143,electric_bike,2026-04-12 17:53:49.576,2026-04-12 17:59:22.879,W 54 St & 9 Ave,6920.05,West End Ave & W 60 St,7059.08,40.76604,-73.98737,40.77237,-73.99005,member
13CE9141A3765D6C,classic_bike,2026-04-03 10:11:40.645,2026-04-03 10:18:06.763,Lexington Ave & E 24 St,6089.07,E 13 St & 2 Ave,5820.08,40.74025878,-73.98409214,40.73153937464073,-73.9853024482727,member
3DA5878A768F1C97,classic_bike,2026-04-13 16:15:41.632,2026-04-13 16:17:29.370,Central Park S & Grand Army Plaza,6839.15,Central Park S & Grand Army Plaza,6839.15,40.764555,-73.973473,40.764555,-73.973473,member
5EE6FBE5E8FD1BC9,classic_bike,2026-04-04 15:22:16.988,2026-04-04 16:30:19.190,E 13 St & 2 Ave,5820.08,E 13 St & 2 Ave,5820.08,40.73153937464073,-73.9853024482727,40.73153937464073,-73.9853024482727,member
06F5A64BBCDC2AFC,electric_bike,2026-04-14 13:52:32.808,2026-04-14 13:57:58.997,West End Ave & W 60 St,7059.08,West End Ave & W 60 St,7059.08,40.77237,-73.99005,40.77237,-73.99005,member
36A40AC35F187E9F,electric_bike,2026-04-09 17:24:22.591,2026-04-09 18:07:11.833,Central Park S & Grand Army Plaza,6839.15,Central Park S & Grand Army Plaza,6839.15,40.764555,-73.973473,40.764555,-73.973473,casual
95D9DFF07BA5D3B4,electric_bike,2026-04-10 11:04:02.636,2026-04-10 11:42:58.290,Central Park S & Grand Army Plaza,6839.15,Central Park S & Grand Army Plaza,6839.15,40.764555,-73.973473,40.764555,-73.973473,member
C8FF2DEAD475FD9E,classic_bike,2026-04-07 14:54:01.984,2026-04-07 15:31:32.727,Fulton Ave & E 172 St,8186.01,Fulton Ave & E 172 St,8186.01,40.839229,-73.899047,40.839229,-73.899047,member
45E7B04EE53764BE,classic_bike,2026-04-07 14:22:55.506,2026-04-07 14:52:43.369,Fulton Ave & E 172 St,8186.01,Fulton Ave & E 172 St,8186.01,40.839229,-73.899047,40.839229,-73.899047,member
9699A54085B5E4ED,classic_bike,2026-04-15 11:30:01.357,2026-04-15 11:38:10.580,Bergen Ave & E 152 St,7858.02,E 141 St & St Ann's Ave,7722.06,40.817166,-73.914737,40.808633,-73.916124,member
FCA64D6FB841F4EA,electric_bike,2026-04-13 17:38:18.492,2026-04-13 17:41:28.379,Concourse Village West & E 156 St,7962.01,Concourse Village West & E 156 St,7962.01,40.823162,-73.923267,40.823162,-73.923267,member
E772EE0A49B60E96,classic_bike,2026-04-05 10:25:28.062,2026-04-05 10:30:02.083,2 Ave & E 96 St,7338.02,2 Ave & E 96 St,7338.02,40.7839636,-73.9471673,40.7839636,-73.9471673,member
7ABC9E0CAB2C06BB,classic_bike,2026-04-12 14:36:16.808,2026-04-12 14:37:43.820,W 54 St & 9 Ave,6920.05,W 54 St & 9 Ave,6920.05,40.76604,-73.98737,40.76604,-73.98737,member
F463FF02AB976BBD,classic_bike,2026-04-06 15:13:43.297,2026-04-06 15:56:27.602,Washington Park,4546.05,Washington Park,4546.05,40.6917823,-73.9737299,40.6917823,-73.9737299,member
1514B1A9EB1740DF,electric_bike,2026-04-03 13:21:36.345,2026-04-03 13:24:01.268,Central Park S & Grand Army Plaza,6839.15,Central Park S & Grand Army Plaza,6839.15,40.764555,-73.973473,40.764555,-73.973473,casual
